"FileName","Function","Parameters"
"1.js.txt","t","e, t, r"
"1.js.txt","n",""
"1.js.txt","m","e"
"1.js.txt","_","e, t, n"
"1.js.txt","b",""
"1.js.txt","S","e, t, n"
"1.js.txt","C","e, t, n"
"1.js.txt","N","e, t"
"1.js.txt","A","e"
"1.js.txt","L","e"
"1.js.txt","k","e, t"
"1.js.txt","R","e, t, n, o, a"
"1.js.txt","x","e, t, n"
"1.js.txt","B","e"
"1.js.txt","V","e"
"1.js.txt","z",""
"1.js.txt","Q","e"
"1.js.txt","ee","e"
"1.js.txt","te","e"
"1.js.txt","ne","e"
"1.js.txt","re","e"
"1.js.txt","ie","e"
"1.js.txt","oe","e, t, n"
"1.js.txt","ae","e, t"
"1.js.txt","se","e"
"1.js.txt","le","e"
"1.js.txt","de","e"
"1.js.txt","pe","e"
"1.js.txt","fe","e, t"
"1.js.txt","me","e, t"
"1.js.txt","ge","e, t, n"
"1.js.txt","ye",""
"1.js.txt","Ie","e, t"
"1.js.txt","_e","e, t"
"1.js.txt","be","e, t"
"1.js.txt","Se","e, t"
"1.js.txt","Te","e"
"1.js.txt","Ee","e, t, n"
"1.js.txt","Pe","e"
"1.js.txt","e","e"
"1.js.txt","Ae","e, t, n"
"1.js.txt","we","e, t, n"
"1.js.txt","ke","e"
"1.js.txt","Be","e"
"1.js.txt","De","e, t"
"1.js.txt","Fe","e, t, n, r"
"1.js.txt","Me","e, t, n, r"
"1.js.txt","Ue","e, t, n, r, i"
"1.js.txt","He","e, t"
"1.js.txt","Ve","e, t, n, r"
"1.js.txt","Je","e, t, n, r"
"1.js.txt","ze","e, t, n, r, i, o"
"1.js.txt","Ge","e, t"
"1.js.txt","qe","e, t, n"
"1.js.txt","je","e, t, n, r"
"1.js.txt","Ye","e, t, n, r"
"1.js.txt","We","e, t"
"1.js.txt","Xe","e, t, n"
"1.js.txt","Ke","e, t, n, r"
"1.js.txt","Ze","e"
"1.js.txt","et","e, t, n, r"
"1.js.txt","tt","e, t, n, r"
"1.js.txt","rt","e"
"1.js.txt","ct","e"
"1.js.txt","dt","e"
"1.js.txt","ut","e, t, n"
"1.js.txt","Pt","e, t, n, r"
"1.js.txt","i",""
"1.js.txt","Ot","e, t, n, r, i"
"1.js.txt","Ct","e, t, n, r"
"1.js.txt","Nt","e"
"1.js.txt","At","e, t"
"1.js.txt","Lt","e"
"1.js.txt","wt","e"
"1.js.txt","i","t, n, r, i, o"
"1.js.txt","t","e"
"1.js.txt","Ut","e"
"1.js.txt","Ht","e"
"11.js.txt","Is","e, t"
"11.js.txt","As","e"
"11.js.txt","ws","e"
"11.js.txt","ks","e, t"
"11.js.txt","Ds","e"
"11.js.txt","Fs","e"
"11.js.txt","Ms","e, t"
"11.js.txt","zs","e, t"
"11.js.txt","ol","e, t"
"11.js.txt","al","e"
"11.js.txt","cl","e, t"
"11.js.txt","dl","e"
"12.js.txt","yl","e, t, n, r = !1"
"12.js.txt","Il","e, t, n, r = !1"
"12.js.txt","_l","e, t, n, r, i = !1"
"12.js.txt","bl","e"
"12.js.txt","Sl","e, t"
"12.js.txt","vl","e"
"12.js.txt","Tl","e"
"12.js.txt","El","e, t"
"12.js.txt","Pl","e"
"12.js.txt","Ol","e"
"12.js.txt","Cl","e, t"
"12.js.txt","Nl","e, t, n"
"12.js.txt","Al","e, t"
"12.js.txt","wl","e"
"12.js.txt","kl","e"
"12.js.txt","xl","e"
"12.js.txt","Bl","e"
"12.js.txt","Fl","e"
"12.js.txt","Ml","e"
"12.js.txt","Ul","e"
"12.js.txt","sc","e, t, n"
"12.js.txt","Pc","e"
"12.js.txt","Oc","{onClick: e, disabled: t, ignoreBoundaryIsolation: n}"
"12.js.txt","od",""
"12.js.txt","ad","e, t"
"12.js.txt","sd","e"
"12.js.txt","ld","e"
"12.js.txt","cd","e, t, n"
"12.js.txt","dd",""
"12.js.txt","ud","e, t"
"12.js.txt","fd","e, t"
"12.js.txt","hd","e, t"
"13.js.txt","Nu","e, t"
"13.js.txt","Np","e, t"
"14.js.txt","kp","e, t"
"14.js.txt","Hp","e, t, n, r = !0"
"14.js.txt","Vp","e, t, n"
"14.js.txt","Jp","e, t, n, r"
"14.js.txt","zp","{keyBinding: e, label: t}"
"14.js.txt","Xp","e"
"14.js.txt","Kp","e, t"
"14.js.txt","Qp","e, t, n"
"14.js.txt","Zp","e, t"
"14.js.txt","ef","e"
"14.js.txt","tf","e, t"
"14.js.txt","nf","e, t"
"14.js.txt","pf",""
"14.js.txt","Sf","e, t"
"14.js.txt","vf","e, t"
"14.js.txt","Tf","e, t"
"14.js.txt","Ef","e, t, n"
"14.js.txt","Pf","e, t"
"14.js.txt","Of",""
"14.js.txt","Bf","e"
"14.js.txt","Jf",""
"14.js.txt","zf",""
"14.js.txt","Gf","e"
"14.js.txt","qf","e, t, n, r"
"14.js.txt","jf","e, t"
"14.js.txt","dh","e, t = ""medium"""
"14.js.txt","Ph","e, t"
"14.js.txt","Nh","e"
"14.js.txt","wh","e"
"14.js.txt","kh","e, t"
"14.js.txt","Gh","e"
"14.js.txt","qh","e"
"14.js.txt","jh","e"
"14.js.txt","Yh","e, t"
"14.js.txt","Wh",""
"15.js.txt","ym","e"
"15.js.txt","Im","e, t"
"15.js.txt","_m","e, t"
"15.js.txt","bm","e, t"
"15.js.txt","Sm","e, t"
"15.js.txt","vm","e, t, n"
"15.js.txt","Em","e"
"15.js.txt","Rm","e"
"15.js.txt","Wm","e, t"
"15.js.txt","Xm","e, t, n = []"
"15.js.txt","dg","e, t, n, {onStateChange: r} = {}"
"15.js.txt","ug","e, t, n"
"16.js.txt","Og",""
"17.js.txt","Fg","e"
"17.js.txt","Mg","e"
"17.js.txt","Hg","e"
"17.js.txt","Vg","e, t, n, r, i"
"17.js.txt","Jg","e, t"
"17.js.txt","Gg","e"
"18.js.txt","gy","e, t"
"18.js.txt","yy","e, t, n"
"18.js.txt","Iy","e, t, n"
"18.js.txt","Ty","e, t, n, r"
"18.js.txt","Ey","e"
"18.js.txt","Py","e, t"
"18.js.txt","Ay","e, t"
"18.js.txt","Ly","e, t"
"18.js.txt","Uy","e"
"18.js.txt","Hy","e"
"18.js.txt","Vy","e"
"18.js.txt","zy","e"
"18.js.txt","Gy","e"
"18.js.txt","Xy","e, t"
"18.js.txt","Ky","e, t"
"18.js.txt","Qy","e"
"18.js.txt","Zy","e"
"18.js.txt","nI","e"
"18.js.txt","rI","e, t"
"18.js.txt","iI","e, t"
"18.js.txt","lI",""
"19.js.txt","uI","e, t"
"19.js.txt","pI","e, t"
"19.js.txt","fI","e"
"19.js.txt","gI","e, t"
"19.js.txt","yI",""
"19.js.txt","II","e"
"19.js.txt","EI","e"
"19.js.txt","PI","e, t, n"
"19.js.txt","NI","e, t, n"
"19.js.txt","BI","e"
"19.js.txt","FI","e, t"
"19.js.txt","HI","e, t"
"19.js.txt","n","e, n"
"19.js.txt","r","e, n, r"
"19.js.txt","VI","e, t, n, r, i"
"19.js.txt","JI","e, t, n, r"
"19.js.txt","YI","e = 16"
"19.js.txt","WI","e, t = 100"
"19.js.txt","XI","e"
"19.js.txt","QI",""
"19.js.txt","ZI",""
"19.js.txt","l_","e, t, n"
"19.js.txt","d_","e, t, n, r = ""/"""
"19.js.txt","__","e, t"
"19.js.txt","b_",""
"19.js.txt","S_","e"
"19.js.txt","v_","e"
"19.js.txt","T_","e"
"19.js.txt","E_","e"
"19.js.txt","P_","e"
"19.js.txt","O_","e"
"19.js.txt","C_","e, t = 1e3, n"
"19.js.txt","N_","e, t = 1e3, n"
"19.js.txt","A_",""
"19.js.txt","L_",""
"19.js.txt","w_",""
"19.js.txt","k_","e, t"
"19.js.txt","R_",""
"2.js.txt","Vt",""
"2.js.txt","Jt","e, t, n"
"2.js.txt","zt","e"
"2.js.txt","Gt","e"
"2.js.txt","qt","e"
"2.js.txt","jt",""
"2.js.txt","Yt","e"
"2.js.txt","Wt","e"
"2.js.txt","Xt","e"
"2.js.txt","Kt","e"
"2.js.txt","nn",""
"2.js.txt","rn","e"
"2.js.txt","on","e"
"2.js.txt","an","e, t"
"2.js.txt","sn","e, t"
"2.js.txt","ln","e"
"2.js.txt","cn",""
"2.js.txt","dn",""
"2.js.txt","un","e"
"2.js.txt","pn","e"
"2.js.txt","fn","e"
"2.js.txt","hn","e"
"2.js.txt","e","e, t, n, r"
"2.js.txt","yn",""
"2.js.txt","In",""
"2.js.txt","bn","e"
"2.js.txt","Nn","e"
"2.js.txt","wn","e"
"2.js.txt","kn","e"
"2.js.txt","Rn","e, t"
"2.js.txt","l",""
"2.js.txt","Bn","e"
"2.js.txt","Dn","e, t, n"
"2.js.txt","g",""
"2.js.txt","Fn","e, t, n"
"2.js.txt","Mn","e, t, n"
"2.js.txt","Un","e, t, n, r"
"2.js.txt","Vn","e, t, n, r"
"2.js.txt","Jn","e"
"2.js.txt","zn","e"
"2.js.txt","qn",""
"2.js.txt","l","e"
"2.js.txt","c","e"
"2.js.txt","d","e"
"2.js.txt","Xn","e"
"2.js.txt","Kn","e"
"2.js.txt","Qn","e, t, n"
"2.js.txt","Zn","e, t"
"2.js.txt","er","e, t"
"2.js.txt","tr","e"
"2.js.txt","nr","e"
"2.js.txt","rr","e, t"
"2.js.txt","ir","e"
"2.js.txt","or","e, t, n, r"
"2.js.txt","ar","e, t, n"
"2.js.txt","sr","e, t, n, r"
"2.js.txt","lr","e, t, n"
"2.js.txt","cr","e, t"
"2.js.txt","dr","e, t"
"2.js.txt","ur",""
"2.js.txt","pr","e"
"2.js.txt","fr","e, t"
"2.js.txt","hr","e, t, n"
"2.js.txt","mr","e, t, n"
"2.js.txt","gr","e, t"
"2.js.txt","yr","e"
"2.js.txt","_r","e, t"
"2.js.txt","br","e"
"2.js.txt","Sr","e, t"
"2.js.txt","vr","e, t"
"2.js.txt","Tr","e"
"2.js.txt","Er","e, t"
"2.js.txt","Pr","e, t"
"2.js.txt","Or","e, t, n"
"2.js.txt","e","e, t, n"
"2.js.txt","kr","e, t, n, r"
"2.js.txt","xr","e, t"
"2.js.txt","Br","e"
"2.js.txt","Dr","e"
"2.js.txt","Fr","e"
"2.js.txt","Ur","e"
"2.js.txt","n","e, t, n"
"20.js.txt","M_","e, t"
"20.js.txt","W_","e, t"
"20.js.txt","gb","e"
"20.js.txt","yb","e"
"20.js.txt","Ib","e"
"20.js.txt","_b","e"
"20.js.txt","xb","e, t"
"20.js.txt","Fb","e, t"
"20.js.txt","Mb","e, t"
"21.js.txt","Zb","e, t"
"21.js.txt","tS","e, t, n"
"21.js.txt","nS","e, t"
"21.js.txt","rS","e"
"21.js.txt","IS",""
"21.js.txt","_S","e, t"
"21.js.txt","QS","e, t"
"21.js.txt","ZS","e, t"
"21.js.txt","ev","e"
"21.js.txt","tv","e"
"21.js.txt","nv","e"
"21.js.txt","rv","e"
"21.js.txt","iv","e"
"21.js.txt","ov","e"
"21.js.txt","av","e"
"21.js.txt","sv","e"
"21.js.txt","lv","e"
"21.js.txt","cv","e"
"21.js.txt","dv","e"
"21.js.txt","uv","e, t"
"21.js.txt","pv","e, t, n"
"21.js.txt","hv","e"
"21.js.txt","Iv","e"
"21.js.txt","bv","e"
"21.js.txt","Sv","e, t, n"
"21.js.txt","Tv","e, t, n, r, i"
"21.js.txt","Ev","e, t, n, r, i"
"21.js.txt","Pv","e, t, n, r"
"21.js.txt","Cv","e"
"21.js.txt","wv","e"
"21.js.txt","Fv","e"
"21.js.txt","t","t"
"21.js.txt","n","t"
"21.js.txt","r","t"
"21.js.txt","i","t"
"21.js.txt","o","t"
"21.js.txt","Vv","e"
"21.js.txt","zv","e, t"
"21.js.txt","Gv","e, t, n"
"21.js.txt","eT","e, t, n, r"
"21.js.txt","tT","e, t, n"
"21.js.txt","iT","e"
"21.js.txt","oT","e"
"22.js.txt","hT","e, t"
"22.js.txt","mT","e, t, n, r"
"22.js.txt","gT","e, t, n = """""
"22.js.txt","IT","e"
"22.js.txt","_T","e, t, n"
"22.js.txt","PT",""
"22.js.txt","OT","e, t"
"22.js.txt","CT","e"
"22.js.txt","NT","e, t"
"22.js.txt","kT","e"
"22.js.txt","RT","e"
"22.js.txt","xT","e"
"22.js.txt","DT","e, t"
"22.js.txt","FT","e, t"
"22.js.txt","HT","e, t, n"
"22.js.txt","VT","e, t, n, r"
"22.js.txt","JT","e, t"
"22.js.txt","jT","e"
"22.js.txt","YT","e, t"
"22.js.txt","XT","e, t"
"22.js.txt","eE","e, t, n, r"
"22.js.txt","tE","e, t, n"
"22.js.txt","oE","e"
"22.js.txt","dE","e, t"
"22.js.txt","uE","e, t = new ll([]"
"22.js.txt","pE","e"
"22.js.txt","fE","e"
"22.js.txt","EE","e, t"
"22.js.txt","wE","{name: e, playerNetworkId: t}, n"
"22.js.txt","ME","e, t"
"22.js.txt","HE","e"
"22.js.txt","jE","e, t, n"
"22.js.txt","YE","e, t, n"
"23.js.txt","dP","e"
"23.js.txt","fP","{entity: e, createTime: t}"
"23.js.txt","yP","e"
"23.js.txt","SP","e, t"
"23.js.txt","vP","e"
"23.js.txt","wP","e"
"23.js.txt","kP","e"
"23.js.txt","xP","e"
"23.js.txt","qP","e, t"
"23.js.txt","YP","e, t, n"
"23.js.txt","WP","e, t"
"23.js.txt","QP","e, t, n, r"
"23.js.txt","ZP","e"
"23.js.txt","cO","e"
"23.js.txt","FO","e"
"23.js.txt","VO","{height: e, ...t}"
"24.js.txt","YO","e, t"
"24.js.txt","KO","e"
"24.js.txt","PC",""
"24.js.txt","OC","e"
"24.js.txt","CC","e"
"24.js.txt","AC","e"
"24.js.txt","kC","e, t"
"24.js.txt","RC","e, t, n"
"24.js.txt","VC","e"
"24.js.txt","JC","e"
"24.js.txt","zC","e, t, n"
"24.js.txt","qC","e, t"
"24.js.txt","n","t"
"24.js.txt","jC","e, t"
"24.js.txt","YC","e, t = new ll([]"
"24.js.txt","WC","e"
"24.js.txt","XC","e"
"24.js.txt","KC","e, t"
"24.js.txt","QC","e, t"
"24.js.txt","ZC","e, t, n"
"24.js.txt","eN","e, t"
"24.js.txt","tN","e, t, n"
"24.js.txt","nN","e, t"
"25.js.txt","rN","e, t"
"25.js.txt","iN","e, t"
"25.js.txt","oN","e"
"25.js.txt","aN","e, t"
"25.js.txt","sN","e, t"
"25.js.txt","lN","e, t, n, r"
"25.js.txt","cN","e"
"25.js.txt","dN","e"
"25.js.txt","uN","e"
"25.js.txt","pN","e"
"25.js.txt","fN","e"
"25.js.txt","hN","e"
"25.js.txt","mN","e, t, n, r"
"25.js.txt","gN","e"
"25.js.txt","yN","e"
"25.js.txt","PN","e"
"25.js.txt","ON","e"
"25.js.txt","NN","e, t, n"
"25.js.txt","kN","e, t"
"25.js.txt","RN","e, t"
"25.js.txt","DN","e, t, n"
"25.js.txt","FN","e, t, n"
"25.js.txt","MN","e, t"
"25.js.txt","VN","e, t"
"25.js.txt","JN","e, t"
"25.js.txt","qN","e, t, n, r, i"
"25.js.txt","jN","e, t, n"
"25.js.txt","YN","e, t, n, r"
"25.js.txt","WN","e, t, n, r, i"
"25.js.txt","pA",""
"25.js.txt","fA","e"
"25.js.txt","mA","e, t"
"25.js.txt","gA","e"
"25.js.txt","yA","e"
"25.js.txt","IA","e, t"
"25.js.txt","n","t"
"25.js.txt","SA","e, t"
"25.js.txt","EA","e, t, n, r"
"25.js.txt","OA","e"
"25.js.txt","VA","e"
"25.js.txt","JA","e"
"25.js.txt","qA","e"
"25.js.txt","YA","e, t"
"25.js.txt","WA","e, t, n"
"25.js.txt","XA","e, t, n"
"25.js.txt","KA","e, t, n, r, i, o, a, s, l, c, d"
"25.js.txt","QA","e, t"
"25.js.txt","ZA","e, t, n"
"25.js.txt","eL","e"
"25.js.txt","rL","e, t, n, r"
"26.js.txt","hL","e"
"26.js.txt","mL","e"
"26.js.txt","yL","e, t"
"26.js.txt","IL","e, t"
"26.js.txt","OL","e, t"
"26.js.txt","CL","e, t"
"26.js.txt","NL","e, t"
"26.js.txt","AL","e, t"
"26.js.txt","LL","e, t"
"26.js.txt","wL","e"
"26.js.txt","kL","e, t"
"26.js.txt","FL","e, t"
"26.js.txt","ML","e"
"26.js.txt","HL","e, t, n, r"
"26.js.txt","JL","e, t"
"26.js.txt","Sw","e"
"26.js.txt","Hw","e, t"
"26.js.txt","Vw","e, t, n, r"
"26.js.txt","qw","e, t"
"26.js.txt","ek","e"
"26.js.txt","tk","e"
"26.js.txt","rk","e, t"
"26.js.txt","ik","e"
"26.js.txt","ok","e"
"26.js.txt","sk","e, t"
"26.js.txt","ck",""
"26.js.txt","dk",""
"26.js.txt","hk","e, t"
"26.js.txt","mk","e, t, n = 1"
"26.js.txt","gk","e"
"26.js.txt","yk","e, t"
"26.js.txt","Ik","e"
"27.js.txt","Sk","e"
"27.js.txt","vk","e, t, n, r, i"
"27.js.txt","Tk","e, t, n, r, i, o, a"
"27.js.txt","Uk","e, t, n, r, i, o"
"27.js.txt","zk","e, t, n, r"
"27.js.txt","Gk","e, t"
"27.js.txt","qk","e, t, n, r"
"27.js.txt","jk","e, t, n, r, i"
"27.js.txt","Wk","e, t"
"27.js.txt","eR","e, t, n"
"27.js.txt","tR","e"
"27.js.txt","nR","e, t, n"
"27.js.txt","rR","e, t, n, r, i, o, a"
"27.js.txt","oR","e"
"27.js.txt","aR","e"
"27.js.txt","dR","e"
"27.js.txt","uR","e, t"
"27.js.txt","pR","e, t, n, r"
"27.js.txt","gR","e, t, n, r, i, o"
"27.js.txt","yR","e, t, n, r, i"
"27.js.txt","IR","e, t"
"27.js.txt","_R","e, t, n"
"27.js.txt","bR","e, t, n"
"27.js.txt","SR","e, t, n"
"27.js.txt","vR","e, t"
"27.js.txt","TR","e, t"
"27.js.txt","RR","e"
"27.js.txt","xR","e, t, n"
"27.js.txt","BR","e"
"27.js.txt","DR","e, t, n, r"
"27.js.txt","FR","e, t"
"27.js.txt","UR","e, t"
"27.js.txt","HR","e, t, n"
"27.js.txt","VR","e, t, n"
"27.js.txt","JR","e, t"
"27.js.txt","zR","e, t, n, r, i, o, a, s = !0, l, c"
"27.js.txt","GR","e, t, n, r, i, o, a, s"
"27.js.txt","qR","e"
"27.js.txt","XR","e"
"27.js.txt","KR","e"
"27.js.txt","tx","e, t, n"
"27.js.txt","rx","e, t"
"27.js.txt","ix",""
"28.js.txt","ox","e, t"
"28.js.txt","cx","e, t, n"
"28.js.txt","dx","e, t, n"
"28.js.txt","px","e, t, n"
"28.js.txt","fx","e, t, n, r, i, o, a, s, l = !0, c, d"
"28.js.txt","hx","e, t, n, r, i, o, a, s, l, c = !0, d, u, p, f, h"
"28.js.txt","yx","e, t, n"
"28.js.txt","Ix","e, t, n, r"
"28.js.txt","_x","e, t, n"
"28.js.txt","Px","e"
"28.js.txt","Cx","e, t"
"28.js.txt","Nx","e, t"
"28.js.txt","Ax","e, t, n"
"28.js.txt","Lx","e, t, n, r"
"28.js.txt","wx","e, t, n"
"28.js.txt","kx","e, t, n, r"
"28.js.txt","Mx","e, t, n, r, i, o, a"
"28.js.txt","Ux","e, t"
"28.js.txt","Jx","e, t, n, r, i"
"28.js.txt","zx","e"
"28.js.txt","Wx","e"
"28.js.txt","Xx","{friendRecommendation: e}"
"28.js.txt","iB","e, t, n, r"
"28.js.txt","oB","e, t, n, r, i, o, a"
"28.js.txt","bB","e"
"28.js.txt","TB","e"
"28.js.txt","EB",""
"28.js.txt","PB","e"
"28.js.txt","DB","e, t, n"
"29.js.txt","oD",""
"29.js.txt","xD","e, t"
"29.js.txt","BD","e, t"
"29.js.txt","DD","e"
"29.js.txt","sF",""
"29.js.txt","cF","{id: e, rememberExpandedState: t, isInitiallyExpanded: n, onToggleCallback: r}"
"29.js.txt","UF","{playerName: e, supplementaryText: t}"
"29.js.txt","GF","e, t, n"
"29.js.txt","o",""
"29.js.txt","KF","e, t"
"3.js.txt","qr","e"
"3.js.txt","n","e, t, n"
"3.js.txt","e","e, t, n, r"
"3.js.txt","Qr","e, t"
"3.js.txt","ei","e"
"3.js.txt","ti","e"
"3.js.txt","ni","e, t, n"
"3.js.txt","ri","e, t"
"3.js.txt","ii","e, t"
"3.js.txt","oi","e, t"
"3.js.txt","si","e, t, n"
"3.js.txt","li","e, t, n, r, i"
"3.js.txt","ci","e"
"3.js.txt","di","e"
"3.js.txt","ui",""
"3.js.txt","e","t, n, r"
"3.js.txt","n",""
"3.js.txt","i",""
"3.js.txt","o","e"
"3.js.txt","vi",""
"3.js.txt","Ei","e"
"3.js.txt","i","e, r, i"
"3.js.txt","o","e, r, i"
"3.js.txt","a","e, r"
"3.js.txt","s","e, r"
"3.js.txt","t","e, t, n, r"
"3.js.txt","n","e, t, n"
"3.js.txt","i","e, r, i"
"30.js.txt","aM","e"
"30.js.txt","cM","e, t, n, r, i, o = """", a, s"
"30.js.txt","dM","e, t, n, r, i, o, a, s"
"30.js.txt","uM","e, t, n, r, i, o, a, s"
"30.js.txt","fM",""
"30.js.txt","IM","e, t"
"30.js.txt","_M","e, t, n, r"
"30.js.txt","bM","e"
"30.js.txt","SM","e"
"30.js.txt","vM","e"
"30.js.txt","TM","e, t"
"30.js.txt","EM","e, t, n, r = {}"
"30.js.txt","PM","e, t, n, r = {}"
"30.js.txt","OM",""
"30.js.txt","CM","e"
"30.js.txt","NM","e"
"30.js.txt","AM",""
"30.js.txt","wM",""
"30.js.txt","kM",""
"30.js.txt","RM",""
"30.js.txt","xM",""
"30.js.txt","BM",""
"30.js.txt","HM",""
"30.js.txt","WM",""
"30.js.txt","nU","e, t, n, r, i"
"30.js.txt","rU","e, t, n"
"30.js.txt","bU","e"
"30.js.txt","SU","e, t"
"31.js.txt","NU","e, t, n"
"31.js.txt","AU","e, t, n"
"31.js.txt","LU","e, t"
"31.js.txt","MU",""
"31.js.txt","UU","{title: e, body: t, actions: n, overlayTitleNarrationItem: r, buttonNarrationItem: i}, o"
"31.js.txt","HU","e, t, n"
"31.js.txt","GU","e, t"
"31.js.txt","YU","e, t, n, r, i, o"
"31.js.txt","WU","e, t, n, r, i, o, a"
"31.js.txt","ZU","e, t"
"31.js.txt","eH","e"
"31.js.txt","tH","e, t, n, r, i, o"
"31.js.txt","nH",""
"31.js.txt","aH","e, t"
"31.js.txt","lH","e"
"31.js.txt","uH","e, t, n"
"31.js.txt","pH","e"
"31.js.txt","hH","e, t, n"
"31.js.txt","SH","{rows: e, height: t, width: n, scrollPosition: r, style: i, prefetchRows: o}"
"32.js.txt","CH","e, t"
"32.js.txt","NH","{rows: e, height: t, width: n, style: r, prefetchRows: i}"
"32.js.txt","QH","e, t"
"32.js.txt","ZH","e"
"32.js.txt","eV","e, t"
"32.js.txt","tV","e"
"32.js.txt","sV","e"
"32.js.txt","lV","e"
"32.js.txt","cV","e"
"32.js.txt","pV","e, t"
"32.js.txt","EV","e"
"32.js.txt","PV","e"
"32.js.txt","OV","e"
"32.js.txt","CV","e, t"
"32.js.txt","NV",""
"32.js.txt","AV","e"
"32.js.txt","RV",""
"32.js.txt","xV",""
"32.js.txt","BV","e"
"32.js.txt","UV",""
"32.js.txt","GV","e"
"32.js.txt","KV","e"
"32.js.txt","uJ","e, t"
"32.js.txt","hJ","e, t, n"
"32.js.txt","gJ","e, t, n"
"33.js.txt","FJ","e"
"33.js.txt","ez","e, t"
"33.js.txt","tz","e, t"
"33.js.txt","nz","e, t"
"33.js.txt","rz","e, t"
"33.js.txt","oz","e, t, n, r"
"33.js.txt","az","e, t, n"
"33.js.txt","n","t"
"33.js.txt","Iz",""
"34.js.txt","iG","e, t, n"
"34.js.txt","oG","e, t"
"34.js.txt","aG","e, t, n"
"34.js.txt","lG","e, t, n"
"34.js.txt","mG","e, t, n"
"34.js.txt","EG","e"
"34.js.txt","PG","e"
"34.js.txt","CG",""
"34.js.txt","UG","e"
"34.js.txt","zG","e, t"
"34.js.txt","ZG","e = ""tab_game_invites"""
"35.js.txt","wq","e, t"
"35.js.txt","qq","e, t"
"35.js.txt","Pj",""
"35.js.txt","zj","e, t"
"36.js.txt","Wj","e, t"
"36.js.txt","Xj","e"
"36.js.txt","Qj","e, t = 3"
"36.js.txt","yY","e"
"36.js.txt","IY","e, t"
"36.js.txt","PY","e"
"36.js.txt","CY","e"
"36.js.txt","NY","e"
"36.js.txt","AY","e"
"36.js.txt","LY","e, t, n, r"
"36.js.txt","wY",""
"36.js.txt","kY","e, t"
"36.js.txt","FY",""
"36.js.txt","KY","e"
"37.js.txt","wW",""
"37.js.txt","YW","e"
"37.js.txt","KW",""
"37.js.txt","tX","e, t"
"37.js.txt","nX","e"
"37.js.txt","dX","e, t"
"37.js.txt","fX","e, t"
"37.js.txt","hX","e, t, n, r, i"
"37.js.txt","vX","e"
"37.js.txt","TX","e, t, n"
"37.js.txt","EX","e"
"37.js.txt","PX",""
"37.js.txt","kX","e, t, n"
"37.js.txt","JX",""
"38.js.txt","SK","e"
"38.js.txt","vK","{value: e, items: t, onChange: n, narrationItem: r, style: i}"
"39.js.txt","fQ",""
"39.js.txt","XQ","e, t"
"39.js.txt","lZ","e, t"
"39.js.txt","cZ","e, t"
"39.js.txt","uZ","e, t"
"39.js.txt","pZ","e"
"39.js.txt","SZ",""
"39.js.txt","CZ",""
"39.js.txt","p",""
"4.js.txt","o","e, r, i"
"4.js.txt","a","e, r"
"4.js.txt","s","e, r"
"4.js.txt","t","e, t, n, r, i, o"
"4.js.txt","n","e, t, n, r, i"
"4.js.txt","Pi","e, t, n"
"4.js.txt","Oi","e, t, n"
"4.js.txt","Ci","e, t"
"4.js.txt","Ni","e, t"
"4.js.txt","Ri","e, t"
"4.js.txt","i","e, t, n"
"4.js.txt","o","e"
"4.js.txt","t","e, n"
"4.js.txt","zi","e, t, n"
"4.js.txt","Gi",""
"4.js.txt","qi","e"
"4.js.txt","ji",""
"4.js.txt","Wi","e, t, n"
"4.js.txt","Xi","e, t"
"4.js.txt","Ki","e, t, n"
"4.js.txt","eo",""
"4.js.txt","to","e, t, n"
"4.js.txt","ao","e, t"
"4.js.txt","so","e"
"4.js.txt","po",""
"4.js.txt","fo","e, t"
"4.js.txt","ho",""
"4.js.txt","go","e"
"4.js.txt","Io","e, t, n"
"4.js.txt","e","t, n, r, i, o"
"4.js.txt","r",""
"4.js.txt","To","e, t"
"4.js.txt","Eo","e, t"
"4.js.txt","Ho","e"
"4.js.txt","jo","e"
"4.js.txt","Yo",""
"4.js.txt","Wo",""
"4.js.txt","e","e, t, n, r, i, o"
"4.js.txt","t",""
"4.js.txt","Ko",""
"4.js.txt","Qo","e, t"
"4.js.txt","Zo","e, t"
"4.js.txt","ea","e, t"
"4.js.txt","ta","e"
"4.js.txt","na","e"
"4.js.txt","ra","e, t, n, r"
"4.js.txt","ia","e, t, n"
"4.js.txt","oa","e"
"4.js.txt","r",""
"4.js.txt","p","e"
"4.js.txt","f",""
"4.js.txt","y","e"
"4.js.txt","fa","e, t"
"4.js.txt","ha","e"
"4.js.txt","ma","e, t"
"4.js.txt","ga","e"
"4.js.txt","ya","e"
"4.js.txt","Ia","e, t"
"4.js.txt","_a","e"
"4.js.txt","ba","e, t"
"4.js.txt","Sa","e, t, n"
"4.js.txt","va","e, t, n"
"4.js.txt","Ta","e, t, n"
"40.js.txt","kZ","e, t"
"40.js.txt","zZ","e"
"40.js.txt","GZ","e"
"40.js.txt","qZ","e, t"
"40.js.txt","e","e"
"40.js.txt","e0",""
"40.js.txt","n0","e, t"
"40.js.txt","i0",""
"40.js.txt","o0",""
"40.js.txt","s0",""
"40.js.txt","H0","e"
"40.js.txt","e1",""
"40.js.txt","h1","e"
"40.js.txt","m1","e, t, n"
"40.js.txt","g1","e, t, n"
"40.js.txt","y1",""
"40.js.txt","I1",""
"40.js.txt","b1",""
"41.js.txt","t",""
"41.js.txt","k1",""
"41.js.txt","R1",""
"41.js.txt","F1","e, t"
"41.js.txt","z1","e"
"41.js.txt","q1","e"
"41.js.txt","j1","e, t"
"41.js.txt","W1",""
"41.js.txt","X1","e, t"
"41.js.txt","K1","e"
"41.js.txt","Q1",""
"41.js.txt","t2",""
"41.js.txt","n2",""
"41.js.txt","i2",""
"41.js.txt","a2",""
"41.js.txt","s2","e"
"41.js.txt","l2",""
"41.js.txt","c2",""
"41.js.txt","u2","e, t, n = !1"
"41.js.txt","f2",""
"41.js.txt","m2",""
"41.js.txt","y2",""
"41.js.txt","_2",""
"41.js.txt","S2",""
"41.js.txt","T2",""
"41.js.txt","E2",""
"41.js.txt","C2",""
"41.js.txt","N2","e"
"41.js.txt","w2",""
"41.js.txt","k2",""
"41.js.txt","x2","e"
"41.js.txt","D2","e, t"
"41.js.txt","F2","e"
"41.js.txt","M2","e, t"
"41.js.txt","H2","e"
"41.js.txt","V2","e"
"41.js.txt","J2","e, t, n"
"41.js.txt","z2","e, t, n"
"41.js.txt","q2","e, t"
"41.js.txt","W2","e"
"41.js.txt","e3","e, t, n"
"41.js.txt","t3","e, t, n"
"41.js.txt","a3","e, t"
"41.js.txt","s3",""
"41.js.txt","l3","e, t"
"41.js.txt","c3","e, t"
"41.js.txt","d3","e, t, n"
"41.js.txt","u3","e, t"
"41.js.txt","p3","e, t"
"41.js.txt","f3","e, t, n"
"42.js.txt","m3","e, t"
"42.js.txt","y3",""
"42.js.txt","_3","e"
"42.js.txt","b3","e, t"
"42.js.txt","S3","e, t"
"42.js.txt","v3","e, t, n"
"42.js.txt","T3","e"
"42.js.txt","P3","e"
"42.js.txt","O3","e"
"42.js.txt","C3",""
"42.js.txt","k3",""
"42.js.txt","x3","e, t"
"42.js.txt","B3","e, t, n"
"42.js.txt","D3","e"
"42.js.txt","F3","e, t"
"42.js.txt","Y3",""
"43.js.txt","M4",""
"5.js.txt","Ea","e, t, n"
"5.js.txt","Pa","e, t"
"5.js.txt","t","t"
"5.js.txt","xa","e"
"5.js.txt","Fa","e, t"
"5.js.txt","Ma","e, t"
"5.js.txt","Ua","e"
"5.js.txt","t",""
"5.js.txt","Va","e"
"5.js.txt","Ja","e, t"
"5.js.txt","za","e, t"
"5.js.txt","Ga","e"
"5.js.txt","qa","e"
"5.js.txt","ja",""
"5.js.txt","Wa",""
"5.js.txt","Xa",""
"5.js.txt","Ka",""
"5.js.txt","n","e, t"
"5.js.txt","r","e"
"5.js.txt","i","e"
"5.js.txt","o","e, t"
"5.js.txt","g","e"
"5.js.txt","y","e"
"5.js.txt","I","e, n"
"5.js.txt","P",""
"5.js.txt","O",""
"5.js.txt","A","e"
"5.js.txt","L","e, n"
"5.js.txt","o","e"
"5.js.txt","S","e"
"5.js.txt","v","e"
"5.js.txt","T","e"
"5.js.txt","E","e"
"5.js.txt","P","e"
"5.js.txt","O","e"
"5.js.txt","C","e"
"5.js.txt","N","e"
"5.js.txt","A","e"
"5.js.txt","tt","e"
"5.js.txt","rt","e, t"
"5.js.txt","st","e"
"5.js.txt","lt","e"
"5.js.txt","ct","e, t"
"5.js.txt","ht","e, t"
"5.js.txt","mt","e"
"5.js.txt","gt",""
"5.js.txt","yt","e, t, n"
"5.js.txt","It","e, t, n"
"5.js.txt","_t","e"
"5.js.txt","bt","e, t, n"
"5.js.txt","Ot","e"
"5.js.txt","Ct","e, t"
"5.js.txt","Nt","e, t"
"5.js.txt","At","e, t"
"5.js.txt","Lt","e"
"5.js.txt","wt",""
"5.js.txt","kt","e"
"5.js.txt","Rt","e, t, n"
"5.js.txt","xt","e, t"
"5.js.txt","Bt","e, t"
"5.js.txt","Ft","e"
"5.js.txt","Xt","e"
"5.js.txt","en","e"
"5.js.txt","tn","e"
"5.js.txt","nn",""
"5.js.txt","fn","e, t"
"5.js.txt","hn","e, t, n"
"5.js.txt","mn","e"
"5.js.txt","gn","e"
"5.js.txt","vn","e, t"
"5.js.txt","Tn","e, t"
"5.js.txt","En","e"
"5.js.txt","Pn","e"
"5.js.txt","On","e"
"5.js.txt","Cn","e"
"6.js.txt","Nn",""
"6.js.txt","An",""
"6.js.txt","Ln","e"
"6.js.txt","kn","e, t"
"6.js.txt","Rn","e"
"6.js.txt","xn","e, t"
"6.js.txt","Un",""
"6.js.txt","Hn","e, t, n"
"6.js.txt","Vn","e"
"6.js.txt","Jn","e, t, n"
"6.js.txt","zn","e, t"
"6.js.txt","Gn","e"
"6.js.txt","jn","e"
"6.js.txt","Yn","e, t, n, r"
"6.js.txt","Wn","e, t"
"6.js.txt","Kn","e"
"6.js.txt","Qn","e, t"
"6.js.txt","Zn","e, t, n"
"6.js.txt","er","e, t, n"
"6.js.txt","tr","e, t"
"6.js.txt","nr","e, t, n, r"
"6.js.txt","rr","e, t, n"
"6.js.txt","or","e, t, n, r"
"6.js.txt","sr","e, t, n, r, i, o, a"
"6.js.txt","lr","e, t, n"
"6.js.txt","cr","e, t, n, r"
"6.js.txt","dr","e, t, n, r"
"6.js.txt","ur","e, t, n"
"6.js.txt","pr","e, t"
"6.js.txt","fr","e"
"6.js.txt","hr","e"
"6.js.txt","t","t, n"
"6.js.txt","n","n, r"
"6.js.txt","r","e, t"
"6.js.txt","i","e, t"
"6.js.txt","a","t, n, r"
"6.js.txt","d","t"
"6.js.txt","u","e, t, n, r"
"6.js.txt","p","e, t, n, r"
"6.js.txt","f","e, t, n, r"
"6.js.txt","h","e, t, n, r, o"
"6.js.txt","m","e, t, n"
"6.js.txt","g","e, t, n, r"
"6.js.txt","y","e, t, n, r, i"
"6.js.txt","_","i, o, s, l"
"6.js.txt","b","i, s, l, c"
"6.js.txt","e","r, o, a, u"
"6.js.txt","Sr","e"
"6.js.txt","vr","e, t"
"6.js.txt","Tr",""
"6.js.txt","Er","e"
"6.js.txt","Pr","e"
"6.js.txt","Cr","e"
"6.js.txt","Ar",""
"6.js.txt","Hr",""
"6.js.txt","Vr","e, t"
"6.js.txt","Jr","e, t, n, r, i, a"
"6.js.txt","zr",""
"6.js.txt","Gr",""
"6.js.txt","qr",""
"6.js.txt","jr","e, t"
"6.js.txt","Yr","e"
"6.js.txt","Wr","e"
"6.js.txt","Xr",""
"6.js.txt","Kr","e, t"
"6.js.txt","Qr","e, t, n, r"
"6.js.txt","Zr","e, t, n"
"6.js.txt","ei","e"
"6.js.txt","ti","e"
"6.js.txt","ni","e"
"6.js.txt","ri","e, t, n, r"
"6.js.txt","ii",""
"6.js.txt","oi","e, t, n, r"
"6.js.txt","ai","e, t, n, r"
"6.js.txt","si","e, t"
"6.js.txt","li","e, t"
"6.js.txt","ci","e, t"
"6.js.txt","di","e, t"
"6.js.txt","ui","e, t"
"6.js.txt","pi","e, t, n"
"6.js.txt","fi",""
"6.js.txt","hi","e, t"
"6.js.txt","mi","e, t"
"6.js.txt","gi","e, t, n"
"6.js.txt","yi","e, t"
"6.js.txt","Ii",""
"6.js.txt","_i","e, t, n"
"6.js.txt","bi","e, t, n"
"6.js.txt","Si","e"
"6.js.txt","vi","e, t"
"6.js.txt","Ti","e, t, n"
"7.js.txt","Ni","e, t"
"7.js.txt","Ai","e, t, n"
"7.js.txt","Li","e, t"
"7.js.txt","ki","e, t, n"
"7.js.txt","Ri","e, t, n"
"7.js.txt","xi","e, t, n"
"7.js.txt","Bi","e"
"7.js.txt","Di","e, t, n, r, i"
"7.js.txt","Ui","e, t, n, r"
"7.js.txt","Hi","e, t, n, r, i"
"7.js.txt","Vi","e, t, n, r, i"
"7.js.txt","Ji","e, t, n, r, i"
"7.js.txt","zi","e, t, n"
"7.js.txt","Gi","e, t"
"7.js.txt","qi","e, t, n, r, i"
"7.js.txt","ji","e, t, n, r, i"
"7.js.txt","Yi","e, t, n, r, i, o"
"7.js.txt","Wi","e"
"7.js.txt","Xi","e, t, n, r, i"
"7.js.txt","to","e"
"7.js.txt","no","e, t, n"
"7.js.txt","ro","e, t"
"7.js.txt","io","e, t, n, r"
"7.js.txt","oo","e, t, n, r, i, a, s"
"7.js.txt","ao","e, t, n"
"7.js.txt","so","e, t, n, r, i"
"7.js.txt","lo","e, t, n"
"7.js.txt","co","e, t"
"7.js.txt","uo","e, t, n"
"7.js.txt","po","e, t, n"
"7.js.txt","fo","e"
"7.js.txt","ho","e, t"
"7.js.txt","go","e, t"
"7.js.txt","yo","e"
"7.js.txt","Io","e, t, n"
"7.js.txt","_o","e, t"
"7.js.txt","Eo","e, t"
"7.js.txt","Po","e, t, n"
"7.js.txt","Co","e, t"
"7.js.txt","No","e, t, n"
"7.js.txt","Ao","e, t"
"7.js.txt","Lo","e"
"7.js.txt","wo","e"
"7.js.txt","ko","e"
"7.js.txt","Ro","e"
"7.js.txt","xo","e, t, n"
"7.js.txt","Bo","e, t, n"
"7.js.txt","Mo","e, t, n"
"7.js.txt","Uo","e, t, n"
"7.js.txt","Ho","e"
"7.js.txt","Vo","e, t"
"8.js.txt","Jo","e, t"
"8.js.txt","zo","e"
"8.js.txt","Go","e, t, n"
"8.js.txt","qo","e, t, n"
"8.js.txt","jo","e"
"8.js.txt","Yo","e"
"8.js.txt","Wo","e"
"8.js.txt","ta","e"
"8.js.txt","na","e, t"
"8.js.txt","ra","e"
"8.js.txt","ia","e, t"
"8.js.txt","oa","e, t"
"8.js.txt","Oa",""
"8.js.txt","Ma",""
"8.js.txt","Ua","e"
"8.js.txt","Ha","e, t, n, r"
"8.js.txt","Va","e, t"
"8.js.txt","Ja","e, t"
"8.js.txt","za","e, t"
"8.js.txt","Ga","e"
"8.js.txt","qa","e"
"8.js.txt","ja","e, t"
"8.js.txt","Ya","e"
"8.js.txt","Wa","e"
"8.js.txt","Xa",""
"8.js.txt","Ka","e, t"
"8.js.txt","Za",""
"8.js.txt","es",""
"8.js.txt","ts","e, t"
"8.js.txt","ns",""
"8.js.txt","rs",""
"8.js.txt","is","e"
"8.js.txt","os","e"
"8.js.txt","as","e, t, n"
"8.js.txt","ss","e, t, n, r"
"8.js.txt","ls",""
"9.js.txt","cs","e, t, n"
"9.js.txt","ds","e, t, n"
"9.js.txt","us","e, t, n"
"9.js.txt","ps","e, t"
"9.js.txt","fs","e"
"9.js.txt","hs","e, t"
"9.js.txt","ms","e, t"
"9.js.txt","gs","e, t, n, r"
"9.js.txt","ys","e, t, n, r"
"9.js.txt","Is","e"
"9.js.txt","_s","e"
"9.js.txt","bs","e, t"
"9.js.txt","Ss","e, t, n, r, i, a"
"9.js.txt","vs","e, t, n, r"
"9.js.txt","Ts","e, t, n, r"
"9.js.txt","Es","e, t, n"
"9.js.txt","Ps","e, t, n"
"9.js.txt","Os","e, t, n, r, i"
"9.js.txt","Cs","e, t, n, r, i, o, a, s, l"
"9.js.txt","Ns","e"
"9.js.txt","As","e"
"9.js.txt","Ls","e, t"
"9.js.txt","ws","e, t"
"9.js.txt","ks","e"
"9.js.txt","Rs",""
"9.js.txt","n","e"
"9.js.txt","r","e, t"
"9.js.txt","i","e, t"
"9.js.txt","o","e, t, n"
"9.js.txt","a","e, t"
"9.js.txt","s","e"
"9.js.txt","l","e, t"
"9.js.txt","c",""
"9.js.txt","d",""
"9.js.txt","u","e"
"9.js.txt","p","e"
"9.js.txt","n",""
"9.js.txt","f","e"
"9.js.txt","h","e, t"
"9.js.txt","m","e"
"9.js.txt","g","e, t"
"9.js.txt","y","e"
"9.js.txt","I","e, t"
"9.js.txt","_","e, t"
"9.js.txt","b","e, t"
"9.js.txt","S",""
"9.js.txt","v","e, t"
"9.js.txt","l","e, t"
