"Keyword","Search Engine","Search URL","Result URL","Rank","Type","Match","Directory","Last Rank","Starred"
"Accident Attorney","google","https://www.google.com/search?q=Accident+Attorney&gl=us&gws_rd=cr&uule=w+CAIQIFISCS1Ur6YPh2yHEbIZ0EfPTNru&num=100","","","","","","","no"
"Accident Attorney","google-places","https://www.google.com/search?q=Accident+Attorney&gl=us&gws_rd=cr&tbm=lcl&uule=w+CAIQIFISCS1Ur6YPh2yHEbIZ0EfPTNru&num=100","http://www.brakelaw.com/","10","Places","cid","n/a","11","no"
"Accident Attorney","yahoo","https://search.yahoo.com/search?p=Accident+Attorney&n=100","","","","","","","no"
"Accident Attorney","bing","https://www.bing.com/search?q=Accident+Attorney&mkt=en-US","","","","","","","no"
"Accident Lawyer","google","https://www.google.com/search?q=Accident+Lawyer&gl=us&gws_rd=cr&uule=w+CAIQIFISCS1Ur6YPh2yHEbIZ0EfPTNru&num=100","","","","","","","no"
"Accident Lawyer","google-places","https://www.google.com/search?q=Accident+Lawyer&gl=us&gws_rd=cr&tbm=lcl&uule=w+CAIQIFISCS1Ur6YPh2yHEbIZ0EfPTNru&num=100","http://www.brakelaw.com/","9","Places","cid","n/a","11","no"
"Accident Lawyer","yahoo","https://search.yahoo.com/search?p=Accident+Lawyer&n=100","","","","","","","no"
"Accident Lawyer","bing","https://www.bing.com/search?q=Accident+Lawyer&mkt=en-US","","","","","","","no"
"Birth Injury Attorney","google","https://www.google.com/search?q=Birth+Injury+Attorney&gl=us&gws_rd=cr&uule=w+CAIQIFISCS1Ur6YPh2yHEbIZ0EfPTNru&num=100","https://www.google.com//maps?cid=18327335812929580429","2","Places","cid","n/a","2","no"
"Birth Injury Attorney","yahoo","https://search.yahoo.com/search?p=Birth+Injury+Attorney&n=100","","","","","","","no"
"Birth Injury Attorney","google-places","https://www.google.com/search?q=Birth+Injury+Attorney&gl=us&gws_rd=cr&tbm=lcl&uule=w+CAIQIFISCS1Ur6YPh2yHEbIZ0EfPTNru&num=100","https://www.brakelaw.com/contact-us/","9","Places","website address","n/a","10","no"
"Birth Injury Attorney","google-places","https://www.google.com/search?q=Birth+Injury+Attorney&gl=us&gws_rd=cr&tbm=lcl&uule=w+CAIQIFISCS1Ur6YPh2yHEbIZ0EfPTNru&num=100","http://www.brakelaw.com/","2","Places","cid","n/a","2","no"
"Birth Injury Attorney","bing","https://www.bing.com/search?q=Birth+Injury+Attorney&mkt=en-US","","","","","","","no"
"Birth Injury Attorney denver","yahoo","https://search.yahoo.com/search?p=Birth+Injury+Attorney+denver&n=100","https://www.brakelaw.com/services/birth-injury/","9","Organic","website address","n/a","10","no"
"Birth Injury Attorney denver","yahoo","https://search.yahoo.com/search?p=Birth+Injury+Attorney+denver&n=100","https://www.brakelaw.com/services/medical-malpractice/","48","Organic","website address","n/a","43","no"
"Birth Injury Attorney denver","bing","https://www.bing.com/search?q=Birth+Injury+Attorney+denver&mkt=en-US","https://www.brakelaw.com/services/birth-injury/","19","Organic","website address","n/a","11","no"
"Birth Injury Attorney denver","bing","https://www.bing.com/search?q=Birth+Injury+Attorney+denver&mkt=en-US","https://www.brakelaw.com/services/medical-malpractice/","43","Organic","website address","n/a","38","no"
"Birth Injury Attorney denver","google","https://www.google.com/search?q=Birth+Injury+Attorney+denver&gl=us&gws_rd=cr&uule=w+CAIQIFISCS1Ur6YPh2yHEbIZ0EfPTNru&num=100","https://www.google.com//maps?cid=18327335812929580429","3","Places","cid","n/a","3","no"
"Birth Injury Attorney denver","google-places","https://www.google.com/search?q=Birth+Injury+Attorney+denver&gl=us&gws_rd=cr&tbm=lcl&uule=w+CAIQIFISCS1Ur6YPh2yHEbIZ0EfPTNru&num=100","http://www.brakelaw.com/","2","Places","cid","n/a","2","no"
"Birth Injury Attorney denver","google","https://www.google.com/search?q=Birth+Injury+Attorney+denver&gl=us&gws_rd=cr&uule=w+CAIQIFISCS1Ur6YPh2yHEbIZ0EfPTNru&num=100","https://www.brakelaw.com/Birth-Injury-Attorney-Colorado-Springs-CO.html","21","Organic","website address","n/a","20","no"
"Birth Injury Attorneys","google","https://www.google.com/search?q=Birth+Injury+Attorneys&gl=us&gws_rd=cr&uule=w+CAIQIFISCS1Ur6YPh2yHEbIZ0EfPTNru&num=100","https://www.google.com//maps?cid=18327335812929580429","8","Places","cid","n/a","8","no"
"Birth Injury Attorneys","google-places","https://www.google.com/search?q=Birth+Injury+Attorneys&gl=us&gws_rd=cr&tbm=lcl&uule=w+CAIQIFISCS1Ur6YPh2yHEbIZ0EfPTNru&num=100","http://www.brakelaw.com/","1","Places","cid","n/a","1","no"
"Birth Injury Attorneys","yahoo","https://search.yahoo.com/search?p=Birth+Injury+Attorneys&n=100","","","","","","","no"
"Birth Injury Attorneys","bing","https://www.bing.com/search?q=Birth+Injury+Attorneys&mkt=en-US","","","","","","","no"
"Birth Injury Attorneys denver","bing","https://www.bing.com/search?q=Birth+Injury+Attorneys+denver&mkt=en-US","https://www.brakelaw.com/services/medical-malpractice/","47","Organic","website address","n/a","26","no"
"Birth Injury Attorneys denver","yahoo","https://search.yahoo.com/search?p=Birth+Injury+Attorneys+denver&n=100","https://www.brakelaw.com/services/birth-injury/","9","Organic","website address","n/a","9","no"
"Birth Injury Attorneys denver","bing","https://www.bing.com/search?q=Birth+Injury+Attorneys+denver&mkt=en-US","https://www.brakelaw.com/services/birth-injury/","10","Organic","website address","n/a","9","no"
"Birth Injury Attorneys denver","google-places","https://www.google.com/search?q=Birth+Injury+Attorneys+denver&gl=us&gws_rd=cr&tbm=lcl&uule=w+CAIQIFISCS1Ur6YPh2yHEbIZ0EfPTNru&num=100","http://www.brakelaw.com/","2","Places","cid","n/a","3","no"
"Birth Injury Attorneys denver","google","https://www.google.com/search?q=Birth+Injury+Attorneys+denver&gl=us&gws_rd=cr&uule=w+CAIQIFISCS1Ur6YPh2yHEbIZ0EfPTNru&num=100","https://www.brakelaw.com/Birth-Injury-Attorney-Colorado-Springs-CO.html","19","Organic","website address","n/a","33","no"
"Birth Injury Attorneys denver","yahoo","https://search.yahoo.com/search?p=Birth+Injury+Attorneys+denver&n=100","https://www.brakelaw.com/services/birth-injury/","13","Organic","website address","n/a","n/a","no"
"Birth Injury Attorneys denver","google","https://www.google.com/search?q=Birth+Injury+Attorneys+denver&gl=us&gws_rd=cr&uule=w+CAIQIFISCS1Ur6YPh2yHEbIZ0EfPTNru&num=100","https://www.google.com//maps?cid=18327335812929580429","2","Places","cid","n/a","3","no"
"Birth Injury Attorneys denver","bing","https://www.bing.com/search?q=Birth+Injury+Attorneys+denver&mkt=en-US","https://www.brakelaw.com/services/birth-injury/","14","Organic","website address","n/a","n/a","no"
"Birth Injury Lawyer","bing","https://www.bing.com/search?q=Birth+Injury+Lawyer&mkt=en-US","","","","","","","no"
"Birth Injury Lawyer","yahoo","https://search.yahoo.com/search?p=Birth+Injury+Lawyer&n=100","","","","","","","no"
"Birth Injury Lawyer","google-places","https://www.google.com/search?q=Birth+Injury+Lawyer&gl=us&gws_rd=cr&tbm=lcl&uule=w+CAIQIFISCS1Ur6YPh2yHEbIZ0EfPTNru&num=100","https://www.brakelaw.com/contact-us/","7","Places","website address","n/a","7","no"
"Birth Injury Lawyer","google-places","https://www.google.com/search?q=Birth+Injury+Lawyer&gl=us&gws_rd=cr&tbm=lcl&uule=w+CAIQIFISCS1Ur6YPh2yHEbIZ0EfPTNru&num=100","http://www.brakelaw.com/","2","Places","cid","n/a","2","no"
"Birth Injury Lawyer","google","https://www.google.com/search?q=Birth+Injury+Lawyer&gl=us&gws_rd=cr&uule=w+CAIQIFISCS1Ur6YPh2yHEbIZ0EfPTNru&num=100","https://www.google.com//maps?cid=18327335812929580429","5","Places","cid","n/a","5","no"
"Birth Injury Lawyer denver","google","https://www.google.com/search?q=Birth+Injury+Lawyer+denver&gl=us&gws_rd=cr&uule=w+CAIQIFISCS1Ur6YPh2yHEbIZ0EfPTNru&num=100","https://www.google.com//maps?cid=18327335812929580429","2","Places","cid","n/a","2","no"
"Birth Injury Lawyer denver","google","https://www.google.com/search?q=Birth+Injury+Lawyer+denver&gl=us&gws_rd=cr&uule=w+CAIQIFISCS1Ur6YPh2yHEbIZ0EfPTNru&num=100","https://www.brakelaw.com/Birth-Injury-Attorney-Colorado-Springs-CO.html","21","Organic","website address","n/a","23","no"
"Birth Injury Lawyer denver","google-places","https://www.google.com/search?q=Birth+Injury+Lawyer+denver&gl=us&gws_rd=cr&tbm=lcl&uule=w+CAIQIFISCS1Ur6YPh2yHEbIZ0EfPTNru&num=100","http://www.brakelaw.com/","2","Places","cid","n/a","2","no"
"Birth Injury Lawyer denver","yahoo","https://search.yahoo.com/search?p=Birth+Injury+Lawyer+denver&n=100","https://www.brakelaw.com/services/birth-injury/","2","Organic","website address","n/a","2","no"
"Birth Injury Lawyer denver","bing","https://www.bing.com/search?q=Birth+Injury+Lawyer+denver&mkt=en-US","https://www.brakelaw.com/services/birth-injury/","8","Organic","website address","n/a","n/a","no"
"Birth Injury Lawyer denver","bing","https://www.bing.com/search?q=Birth+Injury+Lawyer+denver&mkt=en-US","https://www.brakelaw.com/","25","Organic","website address","n/a","21","no"
"Birth Injury Lawyers","google-places","https://www.google.com/search?q=Birth+Injury+Lawyers&gl=us&gws_rd=cr&tbm=lcl&uule=w+CAIQIFISCS1Ur6YPh2yHEbIZ0EfPTNru&num=100","http://www.brakelaw.com/","2","Places","cid","n/a","2","no"
"Birth Injury Lawyers","google","https://www.google.com/search?q=Birth+Injury+Lawyers&gl=us&gws_rd=cr&uule=w+CAIQIFISCS1Ur6YPh2yHEbIZ0EfPTNru&num=100","https://www.google.com//maps?cid=18327335812929580429","2","Places","cid","n/a","2","no"
"Birth Injury Lawyers","yahoo","https://search.yahoo.com/search?p=Birth+Injury+Lawyers&n=100","","","","","","","no"
"Birth Injury Lawyers","bing","https://www.bing.com/search?q=Birth+Injury+Lawyers&mkt=en-US","","","","","","","no"
"Birth Injury Lawyers denver","bing","https://www.bing.com/search?q=Birth+Injury+Lawyers+denver&mkt=en-US","https://www.brakelaw.com/services/medical-malpractice/","48","Organic","website address","n/a","n/a","no"
"Birth Injury Lawyers denver","google","https://www.google.com/search?q=Birth+Injury+Lawyers+denver&gl=us&gws_rd=cr&uule=w+CAIQIFISCS1Ur6YPh2yHEbIZ0EfPTNru&num=100","https://www.brakelaw.com/Birth-Injury-Attorney-Colorado-Springs-CO.html","21","Organic","website address","n/a","22","no"
"Birth Injury Lawyers denver","bing","https://www.bing.com/search?q=Birth+Injury+Lawyers+denver&mkt=en-US","https://www.brakelaw.com/services/medical-malpractice/","42","Organic","website address","n/a","n/a","no"
"Birth Injury Lawyers denver","yahoo","https://search.yahoo.com/search?p=Birth+Injury+Lawyers+denver&n=100","https://www.brakelaw.com/services/birth-injury/","7","Organic","website address","n/a","10","no"
"Birth Injury Lawyers denver","google-places","https://www.google.com/search?q=Birth+Injury+Lawyers+denver&gl=us&gws_rd=cr&tbm=lcl&uule=w+CAIQIFISCS1Ur6YPh2yHEbIZ0EfPTNru&num=100","http://www.brakelaw.com/","2","Places","cid","n/a","2","no"
"Birth Injury Lawyers denver","google","https://www.google.com/search?q=Birth+Injury+Lawyers+denver&gl=us&gws_rd=cr&uule=w+CAIQIFISCS1Ur6YPh2yHEbIZ0EfPTNru&num=100","https://www.google.com//maps?cid=18327335812929580429","2","Places","cid","n/a","2","no"
"Bus Accident Attorney","google","https://www.google.com/search?q=Bus+Accident+Attorney&gl=us&gws_rd=cr&uule=w+CAIQIFISCS1Ur6YPh2yHEbIZ0EfPTNru&num=100","","","","","","","no"
"Bus Accident Attorney","google-places","https://www.google.com/search?q=Bus+Accident+Attorney&gl=us&gws_rd=cr&tbm=lcl&uule=w+CAIQIFISCS1Ur6YPh2yHEbIZ0EfPTNru&num=100","https://www.brakelaw.com/contact-us/","11","Places","website address","n/a","9","no"
"Bus Accident Attorney","yahoo","https://search.yahoo.com/search?p=Bus+Accident+Attorney&n=100","","","","","","","no"
"Bus Accident Attorney","bing","https://www.bing.com/search?q=Bus+Accident+Attorney&mkt=en-US","","","","","","","no"
"Bus Accident Attorney denver","google-places","https://www.google.com/search?q=Bus+Accident+Attorney+denver&gl=us&gws_rd=cr&tbm=lcl&uule=w+CAIQIFISCS1Ur6YPh2yHEbIZ0EfPTNru&num=100","","","","","","","no"
"Bus Accident Attorney denver","bing","https://www.bing.com/search?q=Bus+Accident+Attorney+denver&mkt=en-US","https://www.brakelaw.com/services/auto-trucking-accidents/","21","Organic","website address","n/a","n/a","no"
"Bus Accident Attorney denver","google","https://www.google.com/search?q=Bus+Accident+Attorney+denver&gl=us&gws_rd=cr&uule=w+CAIQIFISCS1Ur6YPh2yHEbIZ0EfPTNru&num=100","https://www.brakelaw.com/services/bus-accidents/","45","Organic","website address","n/a","43","no"
"Bus Accident Attorney denver","yahoo","https://search.yahoo.com/search?p=Bus+Accident+Attorney+denver&n=100","https://www.brakelaw.com/services/auto-trucking-accidents/","35","Organic","website address","n/a","36","no"
"Bus Accident Attorneys","google","https://www.google.com/search?q=Bus+Accident+Attorneys&gl=us&gws_rd=cr&uule=w+CAIQIFISCS1Ur6YPh2yHEbIZ0EfPTNru&num=100","","","","","","","no"
"Bus Accident Attorneys","google-places","https://www.google.com/search?q=Bus+Accident+Attorneys&gl=us&gws_rd=cr&tbm=lcl&uule=w+CAIQIFISCS1Ur6YPh2yHEbIZ0EfPTNru&num=100","","","","","","","no"
"Bus Accident Attorneys","yahoo","https://search.yahoo.com/search?p=Bus+Accident+Attorneys&n=100","","","","","","","no"
"Bus Accident Attorneys","bing","https://www.bing.com/search?q=Bus+Accident+Attorneys&mkt=en-US","","","","","","","no"
"Bus Accident Attorneys denver","bing","https://www.bing.com/search?q=Bus+Accident+Attorneys+denver&mkt=en-US","https://www.brakelaw.com/services/auto-trucking-accidents/","33","Organic","website address","n/a","n/a","no"
"Bus Accident Attorneys denver","yahoo","https://search.yahoo.com/search?p=Bus+Accident+Attorneys+denver&n=100","https://www.brakelaw.com/services/bus-accidents/","8","Organic","website address","n/a","10","no"
"Bus Accident Attorneys denver","bing","https://www.bing.com/search?q=Bus+Accident+Attorneys+denver&mkt=en-US","https://www.brakelaw.com/services/auto-trucking-accidents/","24","Organic","website address","n/a","19","no"
"Bus Accident Attorneys denver","yahoo","https://search.yahoo.com/search?p=Bus+Accident+Attorneys+denver&n=100","https://www.brakelaw.com/services/auto-trucking-accidents/","35","Organic","website address","n/a","33","no"
"Bus Accident Attorneys denver","google-places","https://www.google.com/search?q=Bus+Accident+Attorneys+denver&gl=us&gws_rd=cr&tbm=lcl&uule=w+CAIQIFISCS1Ur6YPh2yHEbIZ0EfPTNru&num=100","","","","","","","no"
"Bus Accident Attorneys denver","google","https://www.google.com/search?q=Bus+Accident+Attorneys+denver&gl=us&gws_rd=cr&uule=w+CAIQIFISCS1Ur6YPh2yHEbIZ0EfPTNru&num=100","https://www.brakelaw.com/services/bus-accidents/","33","Organic","website address","n/a","37","no"
"Bus Accident Lawyer","google","https://www.google.com/search?q=Bus+Accident+Lawyer&gl=us&gws_rd=cr&uule=w+CAIQIFISCS1Ur6YPh2yHEbIZ0EfPTNru&num=100","","","","","","","no"
"Bus Accident Lawyer","google-places","https://www.google.com/search?q=Bus+Accident+Lawyer&gl=us&gws_rd=cr&tbm=lcl&uule=w+CAIQIFISCS1Ur6YPh2yHEbIZ0EfPTNru&num=100","","","","","","","no"
"Bus Accident Lawyer","yahoo","https://search.yahoo.com/search?p=Bus+Accident+Lawyer&n=100","","","","","","","no"
"Bus Accident Lawyer","bing","https://www.bing.com/search?q=Bus+Accident+Lawyer&mkt=en-US","","","","","","","no"
"Bus Accident Lawyer denver","google-places","https://www.google.com/search?q=Bus+Accident+Lawyer+denver&gl=us&gws_rd=cr&tbm=lcl&uule=w+CAIQIFISCS1Ur6YPh2yHEbIZ0EfPTNru&num=100","http://www.brakelaw.com/","6","Places","cid","n/a","6","no"
"Bus Accident Lawyer denver","bing","https://www.bing.com/search?q=Bus+Accident+Lawyer+denver&mkt=en-US","https://www.brakelaw.com/services/bus-accidents/","10","Organic","website address","n/a","16","no"
"Bus Accident Lawyer denver","yahoo","https://search.yahoo.com/search?p=Bus+Accident+Lawyer+denver&n=100","https://www.brakelaw.com/services/bus-accidents/","7","Organic","website address","n/a","n/a","no"
"Bus Accident Lawyer denver","yahoo","https://search.yahoo.com/search?p=Bus+Accident+Lawyer+denver&n=100","https://www.brakelaw.com/services/auto-trucking-accidents/","40","Organic","website address","n/a","37","no"
"Bus Accident Lawyer denver","google","https://www.google.com/search?q=Bus+Accident+Lawyer+denver&gl=us&gws_rd=cr&uule=w+CAIQIFISCS1Ur6YPh2yHEbIZ0EfPTNru&num=100","https://www.brakelaw.com/services/bus-accidents/","32","Organic","website address","n/a","30","no"
"Bus Accident Lawyers","google-places","https://www.google.com/search?q=Bus+Accident+Lawyers&gl=us&gws_rd=cr&tbm=lcl&uule=w+CAIQIFISCS1Ur6YPh2yHEbIZ0EfPTNru&num=100","https://www.brakelaw.com/contact-us/","4","Places","website address","n/a","4","no"
"Bus Accident Lawyers","bing","https://www.bing.com/search?q=Bus+Accident+Lawyers&mkt=en-US","","","","","","","no"
"Bus Accident Lawyers","google","https://www.google.com/search?q=Bus+Accident+Lawyers&gl=us&gws_rd=cr&uule=w+CAIQIFISCS1Ur6YPh2yHEbIZ0EfPTNru&num=100","","","","","","","no"
"Bus Accident Lawyers","yahoo","https://search.yahoo.com/search?p=Bus+Accident+Lawyers&n=100","","","","","","","no"
"Bus Accident Lawyers denver","google","https://www.google.com/search?q=Bus+Accident+Lawyers+denver&gl=us&gws_rd=cr&uule=w+CAIQIFISCS1Ur6YPh2yHEbIZ0EfPTNru&num=100","https://www.brakelaw.com/services/bus-accidents/","31","Organic","website address","n/a","31","no"
"Bus Accident Lawyers denver","google-places","https://www.google.com/search?q=Bus+Accident+Lawyers+denver&gl=us&gws_rd=cr&tbm=lcl&uule=w+CAIQIFISCS1Ur6YPh2yHEbIZ0EfPTNru&num=100","","","","","","","no"
"Bus Accident Lawyers denver","yahoo","https://search.yahoo.com/search?p=Bus+Accident+Lawyers+denver&n=100","https://www.brakelaw.com/services/auto-trucking-accidents/","36","Organic","website address","n/a","38","no"
"Bus Accident Lawyers denver","bing","https://www.bing.com/search?q=Bus+Accident+Lawyers+denver&mkt=en-US","https://www.brakelaw.com/services/auto-trucking-accidents/","24","Organic","website address","n/a","25","no"
"Injury Attorney","google","https://www.google.com/search?q=Injury+Attorney&gl=us&gws_rd=cr&uule=w+CAIQIFISCS1Ur6YPh2yHEbIZ0EfPTNru&num=100","","","","","","","no"
"Injury Attorney","google-places","https://www.google.com/search?q=Injury+Attorney&gl=us&gws_rd=cr&tbm=lcl&uule=w+CAIQIFISCS1Ur6YPh2yHEbIZ0EfPTNru&num=100","http://www.brakelaw.com/","5","Places","cid","n/a","7","no"
"Injury Attorney","yahoo","https://search.yahoo.com/search?p=Injury+Attorney&n=100","","","","","","","no"
"Injury Attorney","bing","https://www.bing.com/search?q=Injury+Attorney&mkt=en-US","","","","","","","no"
"Injury Lawyer","bing","https://www.bing.com/search?q=Injury+Lawyer&mkt=en-US","","","","","","","no"
"Injury Lawyer","google","https://www.google.com/search?q=Injury+Lawyer&gl=us&gws_rd=cr&uule=w+CAIQIFISCS1Ur6YPh2yHEbIZ0EfPTNru&num=100","","","","","","","no"
"Injury Lawyer","yahoo","https://search.yahoo.com/search?p=Injury+Lawyer&n=100","","","","","","","no"
"Injury Lawyer","google-places","https://www.google.com/search?q=Injury+Lawyer&gl=us&gws_rd=cr&tbm=lcl&uule=w+CAIQIFISCS1Ur6YPh2yHEbIZ0EfPTNru&num=100","http://www.brakelaw.com/","4","Places","cid","n/a","4","no"
"Medical Malpractice Attorney","bing","https://www.bing.com/search?q=Medical+Malpractice+Attorney&mkt=en-US","https://www.brakelaw.com/","1","Local","website address","n/a","1","no"
"Medical Malpractice Attorney","yahoo","https://search.yahoo.com/search?p=Medical+Malpractice+Attorney&n=100","","","","","","","no"
"Medical Malpractice Attorney","google","https://www.google.com/search?q=Medical+Malpractice+Attorney&gl=us&gws_rd=cr&uule=w+CAIQIFISCS1Ur6YPh2yHEbIZ0EfPTNru&num=100","","","","","","","no"
"Medical Malpractice Attorney","google-places","https://www.google.com/search?q=Medical+Malpractice+Attorney&gl=us&gws_rd=cr&tbm=lcl&uule=w+CAIQIFISCS1Ur6YPh2yHEbIZ0EfPTNru&num=100","","","","","","","no"
"Medical Malpractice Attorney denver","bing","https://www.bing.com/search?q=Medical+Malpractice+Attorney+denver&mkt=en-US","https://www.brakelaw.com/services/medical-malpractice/","22","Organic","website address","n/a","26","no"
"Medical Malpractice Attorney denver","yahoo","https://search.yahoo.com/search?p=Medical+Malpractice+Attorney+denver&n=100","https://www.brakelaw.com/services/medical-malpractice/","29","Organic","website address","n/a","29","no"
"Medical Malpractice Attorney denver","yahoo","https://search.yahoo.com/search?p=Medical+Malpractice+Attorney+denver&n=100","https://www.brakelaw.com","3","Local","website address","n/a","3","no"
"Medical Malpractice Attorney denver","google-places","https://www.google.com/search?q=Medical+Malpractice+Attorney+denver&gl=us&gws_rd=cr&tbm=lcl&uule=w+CAIQIFISCS1Ur6YPh2yHEbIZ0EfPTNru&num=100","http://www.brakelaw.com/","29","Places","cid","n/a","29","no"
"Medical Malpractice Attorney denver","google","https://www.google.com/search?q=Medical+Malpractice+Attorney+denver&gl=us&gws_rd=cr&uule=w+CAIQIFISCS1Ur6YPh2yHEbIZ0EfPTNru&num=100","https://www.brakelaw.com/services/medical-malpractice/","50","Organic","website address","n/a","n/a","no"
"Medical Malpractice Attorneys","bing","https://www.bing.com/search?q=Medical+Malpractice+Attorneys&mkt=en-US","https://www.brakelaw.com/","2","Local","website address","n/a","1","no"
"Medical Malpractice Attorneys","yahoo","https://search.yahoo.com/search?p=Medical+Malpractice+Attorneys&n=100","","","","","","","no"
"Medical Malpractice Attorneys","google-places","https://www.google.com/search?q=Medical+Malpractice+Attorneys&gl=us&gws_rd=cr&tbm=lcl&uule=w+CAIQIFISCS1Ur6YPh2yHEbIZ0EfPTNru&num=100","","","","","","","no"
"Medical Malpractice Attorneys","google","https://www.google.com/search?q=Medical+Malpractice+Attorneys&gl=us&gws_rd=cr&uule=w+CAIQIFISCS1Ur6YPh2yHEbIZ0EfPTNru&num=100","","","","","","","no"
"Medical Malpractice Attorneys denver","yahoo","https://search.yahoo.com/search?p=Medical+Malpractice+Attorneys+denver&n=100","https://www.brakelaw.com/services/medical-malpractice/","29","Organic","website address","n/a","n/a","no"
"Medical Malpractice Attorneys denver","yahoo","https://search.yahoo.com/search?p=Medical+Malpractice+Attorneys+denver&n=100","https://www.brakelaw.com","5","Local","website address","n/a","5","no"
"Medical Malpractice Attorneys denver","google-places","https://www.google.com/search?q=Medical+Malpractice+Attorneys+denver&gl=us&gws_rd=cr&tbm=lcl&uule=w+CAIQIFISCS1Ur6YPh2yHEbIZ0EfPTNru&num=100","http://www.brakelaw.com/","24","Places","cid","n/a","n/a","no"
"Medical Malpractice Attorneys denver","bing","https://www.bing.com/search?q=Medical+Malpractice+Attorneys+denver&mkt=en-US","https://www.brakelaw.com/services/medical-malpractice/","24","Organic","website address","n/a","25","no"
"Medical Malpractice Attorneys denver","bing","https://www.bing.com/search?q=Medical+Malpractice+Attorneys+denver&mkt=en-US","https://www.brakelaw.com/services/medical-malpractice/","30","Organic","website address","n/a","38","no"
"Medical Malpractice Attorneys denver","google","https://www.google.com/search?q=Medical+Malpractice+Attorneys+denver&gl=us&gws_rd=cr&uule=w+CAIQIFISCS1Ur6YPh2yHEbIZ0EfPTNru&num=100","https://www.brakelaw.com/services/medical-malpractice/","37","Organic","website address","n/a","37","no"
"Medical Malpractice Lawyer","google","https://www.google.com/search?q=Medical+Malpractice+Lawyer&gl=us&gws_rd=cr&uule=w+CAIQIFISCS1Ur6YPh2yHEbIZ0EfPTNru&num=100","","","","","","","no"
"Medical Malpractice Lawyer","yahoo","https://search.yahoo.com/search?p=Medical+Malpractice+Lawyer&n=100","","","","","","","no"
"Medical Malpractice Lawyer","bing","https://www.bing.com/search?q=Medical+Malpractice+Lawyer&mkt=en-US","https://www.brakelaw.com/","1","Local","website address","n/a","2","no"
"Medical Malpractice Lawyer","google-places","https://www.google.com/search?q=Medical+Malpractice+Lawyer&gl=us&gws_rd=cr&tbm=lcl&uule=w+CAIQIFISCS1Ur6YPh2yHEbIZ0EfPTNru&num=100","http://www.brakelaw.com/","21","Places","cid","n/a","n/a","no"
"Medical Malpractice Lawyer denver","bing","https://www.bing.com/search?q=Medical+Malpractice+Lawyer+denver&mkt=en-US","https://www.brakelaw.com/services/medical-malpractice/","28","Organic","website address","n/a","40","no"
"Medical Malpractice Lawyer denver","google-places","https://www.google.com/search?q=Medical+Malpractice+Lawyer+denver&gl=us&gws_rd=cr&tbm=lcl&uule=w+CAIQIFISCS1Ur6YPh2yHEbIZ0EfPTNru&num=100","http://www.brakelaw.com/","24","Places","cid","n/a","23","no"
"Medical Malpractice Lawyer denver","google","https://www.google.com/search?q=Medical+Malpractice+Lawyer+denver&gl=us&gws_rd=cr&uule=w+CAIQIFISCS1Ur6YPh2yHEbIZ0EfPTNru&num=100","https://www.brakelaw.com/services/medical-malpractice/","33","Organic","website address","n/a","33","no"
"Medical Malpractice Lawyer denver","yahoo","https://search.yahoo.com/search?p=Medical+Malpractice+Lawyer+denver&n=100","https://www.brakelaw.com/services/medical-malpractice/","30","Organic","website address","n/a","26","no"
"Medical Malpractice Lawyers","bing","https://www.bing.com/search?q=Medical+Malpractice+Lawyers&mkt=en-US","https://www.brakelaw.com/","2","Local","website address","n/a","1","no"
"Medical Malpractice Lawyers","yahoo","https://search.yahoo.com/search?p=Medical+Malpractice+Lawyers&n=100","","","","","","","no"
"Medical Malpractice Lawyers","google-places","https://www.google.com/search?q=Medical+Malpractice+Lawyers&gl=us&gws_rd=cr&tbm=lcl&uule=w+CAIQIFISCS1Ur6YPh2yHEbIZ0EfPTNru&num=100","http://www.brakelaw.com/","22","Places","cid","n/a","n/a","no"
"Medical Malpractice Lawyers","google","https://www.google.com/search?q=Medical+Malpractice+Lawyers&gl=us&gws_rd=cr&uule=w+CAIQIFISCS1Ur6YPh2yHEbIZ0EfPTNru&num=100","","","","","","","no"
"Medical Malpractice Lawyers denver","bing","https://www.bing.com/search?q=Medical+Malpractice+Lawyers+denver&mkt=en-US","https://www.brakelaw.com/services/medical-malpractice/","31","Organic","website address","n/a","35","no"
"Medical Malpractice Lawyers denver","yahoo","https://search.yahoo.com/search?p=Medical+Malpractice+Lawyers+denver&n=100","https://www.brakelaw.com/services/medical-malpractice/","38","Organic","website address","n/a","35","no"
"Medical Malpractice Lawyers denver","yahoo","https://search.yahoo.com/search?p=Medical+Malpractice+Lawyers+denver&n=100","https://www.brakelaw.com","4","Local","website address","n/a","5","no"
"Medical Malpractice Lawyers denver","google-places","https://www.google.com/search?q=Medical+Malpractice+Lawyers+denver&gl=us&gws_rd=cr&tbm=lcl&uule=w+CAIQIFISCS1Ur6YPh2yHEbIZ0EfPTNru&num=100","","","","","","","no"
"Medical Malpractice Lawyers denver","google","https://www.google.com/search?q=Medical+Malpractice+Lawyers+denver&gl=us&gws_rd=cr&uule=w+CAIQIFISCS1Ur6YPh2yHEbIZ0EfPTNru&num=100","https://www.brakelaw.com/services/medical-malpractice/","35","Organic","website address","n/a","35","no"
"Truck Accident Attorney","google-places","https://www.google.com/search?q=Truck+Accident+Attorney&gl=us&gws_rd=cr&tbm=lcl&uule=w+CAIQIFISCS1Ur6YPh2yHEbIZ0EfPTNru&num=100","","","","","","","no"
"Truck Accident Attorney","yahoo","https://search.yahoo.com/search?p=Truck+Accident+Attorney&n=100","","","","","","","no"
"Truck Accident Attorney","google","https://www.google.com/search?q=Truck+Accident+Attorney&gl=us&gws_rd=cr&uule=w+CAIQIFISCS1Ur6YPh2yHEbIZ0EfPTNru&num=100","","","","","","","no"
"Truck Accident Attorney","bing","https://www.bing.com/search?q=Truck+Accident+Attorney&mkt=en-US","","","","","","","no"
"Truck Accident Attorney denver","google-places","https://www.google.com/search?q=Truck+Accident+Attorney+denver&gl=us&gws_rd=cr&tbm=lcl&uule=w+CAIQIFISCS1Ur6YPh2yHEbIZ0EfPTNru&num=100","","","","","","","no"
"Truck Accident Attorney denver","yahoo","https://search.yahoo.com/search?p=Truck+Accident+Attorney+denver&n=100","https://www.brakelaw.com/services/auto-trucking-accidents/","32","Organic","website address","n/a","26","no"
"Truck Accident Attorney denver","bing","https://www.bing.com/search?q=Truck+Accident+Attorney+denver&mkt=en-US","https://www.brakelaw.com/services/auto-trucking-accidents/","19","Organic","website address","n/a","22","no"
"Truck Accident Attorney denver","google","https://www.google.com/search?q=Truck+Accident+Attorney+denver&gl=us&gws_rd=cr&uule=w+CAIQIFISCS1Ur6YPh2yHEbIZ0EfPTNru&num=100","","","","","","","no"
"Truck Accident Attorneys","google","https://www.google.com/search?q=Truck+Accident+Attorneys&gl=us&gws_rd=cr&uule=w+CAIQIFISCS1Ur6YPh2yHEbIZ0EfPTNru&num=100","","","","","","","no"
"Truck Accident Attorneys","yahoo","https://search.yahoo.com/search?p=Truck+Accident+Attorneys&n=100","","","","","","","no"
"Truck Accident Attorneys","google-places","https://www.google.com/search?q=Truck+Accident+Attorneys&gl=us&gws_rd=cr&tbm=lcl&uule=w+CAIQIFISCS1Ur6YPh2yHEbIZ0EfPTNru&num=100","","","","","","","no"
"Truck Accident Attorneys","bing","https://www.bing.com/search?q=Truck+Accident+Attorneys&mkt=en-US","","","","","","","no"
"Truck Accident Attorneys denver","yahoo","https://search.yahoo.com/search?p=Truck+Accident+Attorneys+denver&n=100","https://www.brakelaw.com/services/auto-trucking-accidents/","31","Organic","website address","n/a","n/a","no"
"Truck Accident Attorneys denver","google-places","https://www.google.com/search?q=Truck+Accident+Attorneys+denver&gl=us&gws_rd=cr&tbm=lcl&uule=w+CAIQIFISCS1Ur6YPh2yHEbIZ0EfPTNru&num=100","","","","","","","no"
"Truck Accident Attorneys denver","google","https://www.google.com/search?q=Truck+Accident+Attorneys+denver&gl=us&gws_rd=cr&uule=w+CAIQIFISCS1Ur6YPh2yHEbIZ0EfPTNru&num=100","","","","","","","no"
"Truck Accident Attorneys denver","bing","https://www.bing.com/search?q=Truck+Accident+Attorneys+denver&mkt=en-US","https://www.brakelaw.com/services/auto-trucking-accidents/","19","Organic","website address","n/a","n/a","no"
"Truck Accident Lawyer","google","https://www.google.com/search?q=Truck+Accident+Lawyer&gl=us&gws_rd=cr&uule=w+CAIQIFISCS1Ur6YPh2yHEbIZ0EfPTNru&num=100","","","","","","","no"
"Truck Accident Lawyer","yahoo","https://search.yahoo.com/search?p=Truck+Accident+Lawyer&n=100","","","","","","","no"
"Truck Accident Lawyer","bing","https://www.bing.com/search?q=Truck+Accident+Lawyer&mkt=en-US","","","","","","","no"
"Truck Accident Lawyer","google-places","https://www.google.com/search?q=Truck+Accident+Lawyer&gl=us&gws_rd=cr&tbm=lcl&uule=w+CAIQIFISCS1Ur6YPh2yHEbIZ0EfPTNru&num=100","","","","","","","no"
"Truck Accident Lawyer denver","bing","https://www.bing.com/search?q=Truck+Accident+Lawyer+denver&mkt=en-US","https://www.brakelaw.com/services/auto-trucking-accidents/","17","Organic","website address","n/a","10","no"
"Truck Accident Lawyer denver","google-places","https://www.google.com/search?q=Truck+Accident+Lawyer+denver&gl=us&gws_rd=cr&tbm=lcl&uule=w+CAIQIFISCS1Ur6YPh2yHEbIZ0EfPTNru&num=100","","","","","","","no"
"Truck Accident Lawyer denver","google","https://www.google.com/search?q=Truck+Accident+Lawyer+denver&gl=us&gws_rd=cr&uule=w+CAIQIFISCS1Ur6YPh2yHEbIZ0EfPTNru&num=100","","","","","","","no"
"Truck Accident Lawyer denver","yahoo","https://search.yahoo.com/search?p=Truck+Accident+Lawyer+denver&n=100","https://www.brakelaw.com/services/auto-trucking-accidents/","11","Organic","website address","n/a","10","no"
"Truck Accident Lawyers denver","google","https://www.google.com/search?q=Truck+Accident+Lawyers+denver&gl=us&gws_rd=cr&uule=w+CAIQIFISCS1Ur6YPh2yHEbIZ0EfPTNru&num=100","","","","","","","no"
"Truck Accident Lawyers denver","google-places","https://www.google.com/search?q=Truck+Accident+Lawyers+denver&gl=us&gws_rd=cr&tbm=lcl&uule=w+CAIQIFISCS1Ur6YPh2yHEbIZ0EfPTNru&num=100","","","","","","","no"
"Truck Accident Lawyers denver","yahoo","https://search.yahoo.com/search?p=Truck+Accident+Lawyers+denver&n=100","https://www.brakelaw.com","3","Local","website address","n/a","3","no"
"Truck Accident Lawyers denver","yahoo","https://search.yahoo.com/search?p=Truck+Accident+Lawyers+denver&n=100","https://www.brakelaw.com/services/auto-trucking-accidents/","34","Organic","website address","n/a","10","no"
"Truck Accident Lawyers denver","bing","https://www.bing.com/search?q=Truck+Accident+Lawyers+denver&mkt=en-US","https://www.brakelaw.com/services/auto-trucking-accidents/","8","Organic","website address","n/a","n/a","no"
"accident attorney denver","bing","https://www.bing.com/search?q=accident+attorney+denver&mkt=en-US","","","","","","","no"
"accident attorney denver","yahoo","https://search.yahoo.com/search?p=accident+attorney+denver&n=100","https://www.brakelaw.com","6","Local","website address","n/a","6","no"
"accident attorney denver","google","https://www.google.com/search?q=accident+attorney+denver&gl=us&gws_rd=cr&uule=w+CAIQIFISCS1Ur6YPh2yHEbIZ0EfPTNru&num=100","","","","","","","no"
"accident attorney denver","google-places","https://www.google.com/search?q=accident+attorney+denver&gl=us&gws_rd=cr&tbm=lcl&uule=w+CAIQIFISCS1Ur6YPh2yHEbIZ0EfPTNru&num=100","","","","","","","no"
"accident attorneys","bing","https://www.bing.com/search?q=accident+attorneys&mkt=en-US","","","","","","","no"
"accident attorneys","google","https://www.google.com/search?q=accident+attorneys&gl=us&gws_rd=cr&uule=w+CAIQIFISCS1Ur6YPh2yHEbIZ0EfPTNru&num=100","","","","","","","no"
"accident attorneys","google-places","https://www.google.com/search?q=accident+attorneys&gl=us&gws_rd=cr&tbm=lcl&uule=w+CAIQIFISCS1Ur6YPh2yHEbIZ0EfPTNru&num=100","http://www.brakelaw.com/","16","Places","cid","n/a","17","no"
"accident attorneys","yahoo","https://search.yahoo.com/search?p=accident+attorneys&n=100","","","","","","","no"
"accident attorneys denver","yahoo","https://search.yahoo.com/search?p=accident+attorneys+denver&n=100","","","","","","","no"
"accident attorneys denver","google-places","https://www.google.com/search?q=accident+attorneys+denver&gl=us&gws_rd=cr&tbm=lcl&uule=w+CAIQIFISCS1Ur6YPh2yHEbIZ0EfPTNru&num=100","","","","","","","no"
"accident attorneys denver","google","https://www.google.com/search?q=accident+attorneys+denver&gl=us&gws_rd=cr&uule=w+CAIQIFISCS1Ur6YPh2yHEbIZ0EfPTNru&num=100","","","","","","","no"
"accident attorneys denver","bing","https://www.bing.com/search?q=accident+attorneys+denver&mkt=en-US","","","","","","","no"
"accident lawyer denver","google","https://www.google.com/search?q=accident+lawyer+denver&gl=us&gws_rd=cr&uule=w+CAIQIFISCS1Ur6YPh2yHEbIZ0EfPTNru&num=100","","","","","","","no"
"accident lawyer denver","google-places","https://www.google.com/search?q=accident+lawyer+denver&gl=us&gws_rd=cr&tbm=lcl&uule=w+CAIQIFISCS1Ur6YPh2yHEbIZ0EfPTNru&num=100","","","","","","","no"
"accident lawyer denver","yahoo","https://search.yahoo.com/search?p=accident+lawyer+denver&n=100","https://www.brakelaw.com","3","Local","website address","n/a","3","no"
"accident lawyer denver","bing","https://www.bing.com/search?q=accident+lawyer+denver&mkt=en-US","","","","","","","no"
"accident lawyers","google-places","https://www.google.com/search?q=accident+lawyers&gl=us&gws_rd=cr&tbm=lcl&uule=w+CAIQIFISCS1Ur6YPh2yHEbIZ0EfPTNru&num=100","http://www.brakelaw.com/","19","Places","cid","n/a","17","no"
"accident lawyers","google","https://www.google.com/search?q=accident+lawyers&gl=us&gws_rd=cr&uule=w+CAIQIFISCS1Ur6YPh2yHEbIZ0EfPTNru&num=100","","","","","","","no"
"accident lawyers","yahoo","https://search.yahoo.com/search?p=accident+lawyers&n=100","","","","","","","no"
"accident lawyers","bing","https://www.bing.com/search?q=accident+lawyers&mkt=en-US","","","","","","","no"
"accident lawyers denver","yahoo","https://search.yahoo.com/search?p=accident+lawyers+denver&n=100","","","","","","","no"
"accident lawyers denver","bing","https://www.bing.com/search?q=accident+lawyers+denver&mkt=en-US","https://www.brakelaw.com/","32","Organic","website address","n/a","n/a","no"
"accident lawyers denver","google-places","https://www.google.com/search?q=accident+lawyers+denver&gl=us&gws_rd=cr&tbm=lcl&uule=w+CAIQIFISCS1Ur6YPh2yHEbIZ0EfPTNru&num=100","http://www.brakelaw.com/","22","Places","cid","n/a","n/a","no"
"accident lawyers denver","bing","https://www.bing.com/search?q=accident+lawyers+denver&mkt=en-US","https://www.brakelaw.com/","28","Organic","website address","n/a","28","no"
"accident lawyers denver","google","https://www.google.com/search?q=accident+lawyers+denver&gl=us&gws_rd=cr&uule=w+CAIQIFISCS1Ur6YPh2yHEbIZ0EfPTNru&num=100","","","","","","","no"
"accident lawyers denver","bing","https://www.bing.com/search?q=accident+lawyers+denver&mkt=en-US","https://www.brakelaw.com/services/auto-trucking-accidents/","47","Organic","website address","n/a","29","no"
"denver Birth Injury Attorney","yahoo","https://search.yahoo.com/search?p=denver+Birth+Injury+Attorney&n=100","","","","","","","no"
"denver Birth Injury Attorney","google-places","https://www.google.com/search?q=denver+Birth+Injury+Attorney&gl=us&gws_rd=cr&tbm=lcl&uule=w+CAIQIFISCS1Ur6YPh2yHEbIZ0EfPTNru&num=100","http://www.brakelaw.com/","2","Places","cid","n/a","3","no"
"denver Birth Injury Attorney","google","https://www.google.com/search?q=denver+Birth+Injury+Attorney&gl=us&gws_rd=cr&uule=w+CAIQIFISCS1Ur6YPh2yHEbIZ0EfPTNru&num=100","https://www.google.com//maps?cid=18327335812929580429","2","Places","cid","n/a","3","no"
"denver Birth Injury Attorney","google","https://www.google.com/search?q=denver+Birth+Injury+Attorney&gl=us&gws_rd=cr&uule=w+CAIQIFISCS1Ur6YPh2yHEbIZ0EfPTNru&num=100","https://www.brakelaw.com/","47","Organic","website address","n/a","n/a","no"
"denver Birth Injury Attorney","bing","https://www.bing.com/search?q=denver+Birth+Injury+Attorney&mkt=en-US","https://www.brakelaw.com/services/birth-injury/","17","Organic","website address","n/a","17","no"
"denver Birth Injury Attorneys","bing","https://www.bing.com/search?q=denver+Birth+Injury+Attorneys&mkt=en-US","","","","","","","no"
"denver Birth Injury Attorneys","yahoo","https://search.yahoo.com/search?p=denver+Birth+Injury+Attorneys&n=100","https://www.brakelaw.com/services/birth-injury/","17","Organic","website address","n/a","18","no"
"denver Birth Injury Attorneys","google-places","https://www.google.com/search?q=denver+Birth+Injury+Attorneys&gl=us&gws_rd=cr&tbm=lcl&uule=w+CAIQIFISCS1Ur6YPh2yHEbIZ0EfPTNru&num=100","http://www.brakelaw.com/","4","Places","cid","n/a","4","no"
"denver Birth Injury Attorneys","google","https://www.google.com/search?q=denver+Birth+Injury+Attorneys&gl=us&gws_rd=cr&uule=w+CAIQIFISCS1Ur6YPh2yHEbIZ0EfPTNru&num=100","https://www.brakelaw.com/Birth-Injury-Attorney-Colorado-Springs-CO.html","26","Organic","website address","n/a","16","no"
"denver Birth Injury Lawyer","yahoo","https://search.yahoo.com/search?p=denver+Birth+Injury+Lawyer&n=100","https://www.brakelaw.com/services/birth-injury/","9","Organic","website address","n/a","n/a","no"
"denver Birth Injury Lawyer","google","https://www.google.com/search?q=denver+Birth+Injury+Lawyer&gl=us&gws_rd=cr&uule=w+CAIQIFISCS1Ur6YPh2yHEbIZ0EfPTNru&num=100","https://www.brakelaw.com/Birth-Injury-Attorney-Colorado-Springs-CO.html","23","Organic","website address","n/a","42","no"
"denver Birth Injury Lawyer","google-places","https://www.google.com/search?q=denver+Birth+Injury+Lawyer&gl=us&gws_rd=cr&tbm=lcl&uule=w+CAIQIFISCS1Ur6YPh2yHEbIZ0EfPTNru&num=100","http://www.brakelaw.com/","2","Places","cid","n/a","2","no"
"denver Birth Injury Lawyer","yahoo","https://search.yahoo.com/search?p=denver+Birth+Injury+Lawyer&n=100","https://www.brakelaw.com/services/birth-injury/","4","Organic","website address","n/a","5","no"
"denver Birth Injury Lawyer","bing","https://www.bing.com/search?q=denver+Birth+Injury+Lawyer&mkt=en-US","https://www.brakelaw.com/","34","Organic","website address","n/a","n/a","no"
"denver Birth Injury Lawyer","bing","https://www.bing.com/search?q=denver+Birth+Injury+Lawyer&mkt=en-US","https://www.brakelaw.com/services/birth-injury/","11","Organic","website address","n/a","n/a","no"
"denver Birth Injury Lawyer","bing","https://www.bing.com/search?q=denver+Birth+Injury+Lawyer&mkt=en-US","https://www.brakelaw.com/services/birth-injury/","14","Organic","website address","n/a","n/a","no"
"denver Birth Injury Lawyer","google","https://www.google.com/search?q=denver+Birth+Injury+Lawyer&gl=us&gws_rd=cr&uule=w+CAIQIFISCS1Ur6YPh2yHEbIZ0EfPTNru&num=100","https://www.google.com//maps?cid=18327335812929580429","2","Places","cid","n/a","2","no"
"denver Birth Injury Lawyers","bing","https://www.bing.com/search?q=denver+Birth+Injury+Lawyers&mkt=en-US","https://www.brakelaw.com/services/medical-malpractice/","34","Organic","website address","n/a","n/a","no"
"denver Birth Injury Lawyers","google","https://www.google.com/search?q=denver+Birth+Injury+Lawyers&gl=us&gws_rd=cr&uule=w+CAIQIFISCS1Ur6YPh2yHEbIZ0EfPTNru&num=100","https://www.google.com//maps?cid=18327335812929580429","2","Places","cid","n/a","1","no"
"denver Birth Injury Lawyers","google","https://www.google.com/search?q=denver+Birth+Injury+Lawyers&gl=us&gws_rd=cr&uule=w+CAIQIFISCS1Ur6YPh2yHEbIZ0EfPTNru&num=100","https://www.brakelaw.com/Birth-Injury-Attorney-Colorado-Springs-CO.html","25","Organic","website address","n/a","18","no"
"denver Birth Injury Lawyers","google-places","https://www.google.com/search?q=denver+Birth+Injury+Lawyers&gl=us&gws_rd=cr&tbm=lcl&uule=w+CAIQIFISCS1Ur6YPh2yHEbIZ0EfPTNru&num=100","http://www.brakelaw.com/","2","Places","cid","n/a","1","no"
"denver Birth Injury Lawyers","yahoo","https://search.yahoo.com/search?p=denver+Birth+Injury+Lawyers&n=100","","","","","","","no"
"denver Birth Injury Lawyers","bing","https://www.bing.com/search?q=denver+Birth+Injury+Lawyers&mkt=en-US","https://www.brakelaw.com/","31","Organic","website address","n/a","n/a","no"
"denver Birth Injury Lawyers","bing","https://www.bing.com/search?q=denver+Birth+Injury+Lawyers&mkt=en-US","https://www.brakelaw.com/services/medical-malpractice/","38","Organic","website address","n/a","n/a","no"
"denver Bus Accident Attorney","bing","https://www.bing.com/search?q=denver+Bus+Accident+Attorney&mkt=en-US","","","","","","","no"
"denver Bus Accident Attorney","yahoo","https://search.yahoo.com/search?p=denver+Bus+Accident+Attorney&n=100","https://www.brakelaw.com/services/auto-trucking-accidents/","39","Organic","website address","n/a","37","no"
"denver Bus Accident Attorney","yahoo","https://search.yahoo.com/search?p=denver+Bus+Accident+Attorney&n=100","https://www.brakelaw.com/services/bus-accidents/","26","Organic","website address","n/a","n/a","no"
"denver Bus Accident Attorney","google-places","https://www.google.com/search?q=denver+Bus+Accident+Attorney&gl=us&gws_rd=cr&tbm=lcl&uule=w+CAIQIFISCS1Ur6YPh2yHEbIZ0EfPTNru&num=100","","","","","","","no"
"denver Bus Accident Attorney","google","https://www.google.com/search?q=denver+Bus+Accident+Attorney&gl=us&gws_rd=cr&uule=w+CAIQIFISCS1Ur6YPh2yHEbIZ0EfPTNru&num=100","https://www.brakelaw.com/services/bus-accidents/","37","Organic","website address","n/a","38","no"
"denver Bus Accident Attorneys","google-places","https://www.google.com/search?q=denver+Bus+Accident+Attorneys&gl=us&gws_rd=cr&tbm=lcl&uule=w+CAIQIFISCS1Ur6YPh2yHEbIZ0EfPTNru&num=100","","","","","","","no"
"denver Bus Accident Attorneys","yahoo","https://search.yahoo.com/search?p=denver+Bus+Accident+Attorneys&n=100","https://www.brakelaw.com/services/auto-trucking-accidents/","39","Organic","website address","n/a","38","no"
"denver Bus Accident Attorneys","google","https://www.google.com/search?q=denver+Bus+Accident+Attorneys&gl=us&gws_rd=cr&uule=w+CAIQIFISCS1Ur6YPh2yHEbIZ0EfPTNru&num=100","https://www.brakelaw.com/services/bus-accidents/","41","Organic","website address","n/a","41","no"
"denver Bus Accident Attorneys","bing","https://www.bing.com/search?q=denver+Bus+Accident+Attorneys&mkt=en-US","https://www.brakelaw.com/services/bus-accidents/","16","Organic","website address","n/a","n/a","no"
"denver Bus Accident Lawyer","google","https://www.google.com/search?q=denver+Bus+Accident+Lawyer&gl=us&gws_rd=cr&uule=w+CAIQIFISCS1Ur6YPh2yHEbIZ0EfPTNru&num=100","https://www.brakelaw.com/services/bus-accidents/","36","Organic","website address","n/a","35","no"
"denver Bus Accident Lawyer","google-places","https://www.google.com/search?q=denver+Bus+Accident+Lawyer&gl=us&gws_rd=cr&tbm=lcl&uule=w+CAIQIFISCS1Ur6YPh2yHEbIZ0EfPTNru&num=100","http://www.brakelaw.com/","6","Places","cid","n/a","5","no"
"denver Bus Accident Lawyer","yahoo","https://search.yahoo.com/search?p=denver+Bus+Accident+Lawyer&n=100","https://www.brakelaw.com/services/auto-trucking-accidents/","42","Organic","website address","n/a","40","no"
"denver Bus Accident Lawyer","bing","https://www.bing.com/search?q=denver+Bus+Accident+Lawyer&mkt=en-US","https://www.brakelaw.com/services/bus-accidents/","17","Organic","website address","n/a","24","no"
"denver Bus Accident Lawyers","google","https://www.google.com/search?q=denver+Bus+Accident+Lawyers&gl=us&gws_rd=cr&uule=w+CAIQIFISCS1Ur6YPh2yHEbIZ0EfPTNru&num=100","https://www.brakelaw.com/services/bus-accidents/","32","Organic","website address","n/a","37","no"
"denver Bus Accident Lawyers","google-places","https://www.google.com/search?q=denver+Bus+Accident+Lawyers&gl=us&gws_rd=cr&tbm=lcl&uule=w+CAIQIFISCS1Ur6YPh2yHEbIZ0EfPTNru&num=100","https://www.brakelaw.com/contact-us/","12","Places","website address","n/a","12","no"
"denver Bus Accident Lawyers","yahoo","https://search.yahoo.com/search?p=denver+Bus+Accident+Lawyers&n=100","https://www.brakelaw.com/services/auto-trucking-accidents/","38","Organic","website address","n/a","41","no"
"denver Bus Accident Lawyers","bing","https://www.bing.com/search?q=denver+Bus+Accident+Lawyers&mkt=en-US","","","","","","","no"
"denver Medical Malpractice Attorney","google","https://www.google.com/search?q=denver+Medical+Malpractice+Attorney&gl=us&gws_rd=cr&uule=w+CAIQIFISCS1Ur6YPh2yHEbIZ0EfPTNru&num=100","https://www.brakelaw.com/services/medical-malpractice/","36","Organic","website address","n/a","36","no"
"denver Medical Malpractice Attorney","bing","https://www.bing.com/search?q=denver+Medical+Malpractice+Attorney&mkt=en-US","https://www.brakelaw.com/","31","Organic","website address","n/a","n/a","no"
"denver Medical Malpractice Attorney","google-places","https://www.google.com/search?q=denver+Medical+Malpractice+Attorney&gl=us&gws_rd=cr&tbm=lcl&uule=w+CAIQIFISCS1Ur6YPh2yHEbIZ0EfPTNru&num=100","https://www.brakelaw.com/contact-us/","50","Places","website address","n/a","49","no"
"denver Medical Malpractice Attorney","google-places","https://www.google.com/search?q=denver+Medical+Malpractice+Attorney&gl=us&gws_rd=cr&tbm=lcl&uule=w+CAIQIFISCS1Ur6YPh2yHEbIZ0EfPTNru&num=100","http://www.brakelaw.com/","24","Places","cid","n/a","n/a","no"
"denver Medical Malpractice Attorney","yahoo","https://search.yahoo.com/search?p=denver+Medical+Malpractice+Attorney&n=100","https://www.brakelaw.com","4","Local","website address","n/a","4","no"
"denver Medical Malpractice Attorneys","bing","https://www.bing.com/search?q=denver+Medical+Malpractice+Attorneys&mkt=en-US","https://www.brakelaw.com/services/medical-malpractice/","34","Organic","website address","n/a","28","no"
"denver Medical Malpractice Attorneys","yahoo","https://search.yahoo.com/search?p=denver+Medical+Malpractice+Attorneys&n=100","https://www.brakelaw.com","3","Local","website address","n/a","3","no"
"denver Medical Malpractice Attorneys","google-places","https://www.google.com/search?q=denver+Medical+Malpractice+Attorneys&gl=us&gws_rd=cr&tbm=lcl&uule=w+CAIQIFISCS1Ur6YPh2yHEbIZ0EfPTNru&num=100","http://www.brakelaw.com/","23","Places","cid","n/a","23","no"
"denver Medical Malpractice Attorneys","google","https://www.google.com/search?q=denver+Medical+Malpractice+Attorneys&gl=us&gws_rd=cr&uule=w+CAIQIFISCS1Ur6YPh2yHEbIZ0EfPTNru&num=100","https://www.brakelaw.com/services/medical-malpractice/","31","Organic","website address","n/a","32","no"
"denver Medical Malpractice Lawyer","yahoo","https://search.yahoo.com/search?p=denver+Medical+Malpractice+Lawyer&n=100","https://www.brakelaw.com/services/medical-malpractice/","43","Organic","website address","n/a","45","no"
"denver Medical Malpractice Lawyer","bing","https://www.bing.com/search?q=denver+Medical+Malpractice+Lawyer&mkt=en-US","https://www.brakelaw.com/services/medical-malpractice/","34","Organic","website address","n/a","32","no"
"denver Medical Malpractice Lawyer","google","https://www.google.com/search?q=denver+Medical+Malpractice+Lawyer&gl=us&gws_rd=cr&uule=w+CAIQIFISCS1Ur6YPh2yHEbIZ0EfPTNru&num=100","https://www.brakelaw.com/services/medical-malpractice/","32","Organic","website address","n/a","33","no"
"denver Medical Malpractice Lawyer","google-places","https://www.google.com/search?q=denver+Medical+Malpractice+Lawyer&gl=us&gws_rd=cr&tbm=lcl&uule=w+CAIQIFISCS1Ur6YPh2yHEbIZ0EfPTNru&num=100","http://www.brakelaw.com/","23","Places","cid","n/a","23","no"
"denver Medical Malpractice Lawyers","google","https://www.google.com/search?q=denver+Medical+Malpractice+Lawyers&gl=us&gws_rd=cr&uule=w+CAIQIFISCS1Ur6YPh2yHEbIZ0EfPTNru&num=100","https://www.brakelaw.com/services/medical-malpractice/","32","Organic","website address","n/a","33","no"
"denver Medical Malpractice Lawyers","google-places","https://www.google.com/search?q=denver+Medical+Malpractice+Lawyers&gl=us&gws_rd=cr&tbm=lcl&uule=w+CAIQIFISCS1Ur6YPh2yHEbIZ0EfPTNru&num=100","http://www.brakelaw.com/","23","Places","cid","n/a","25","no"
"denver Medical Malpractice Lawyers","yahoo","https://search.yahoo.com/search?p=denver+Medical+Malpractice+Lawyers&n=100","https://www.brakelaw.com","4","Local","website address","n/a","5","no"
"denver Medical Malpractice Lawyers","bing","https://www.bing.com/search?q=denver+Medical+Malpractice+Lawyers&mkt=en-US","https://www.brakelaw.com/services/medical-malpractice/","33","Organic","website address","n/a","34","no"
"denver Truck Accident Attorney","bing","https://www.bing.com/search?q=denver+Truck+Accident+Attorney&mkt=en-US","https://www.brakelaw.com/services/auto-trucking-accidents/","47","Organic","website address","n/a","n/a","no"
"denver Truck Accident Attorney","bing","https://www.bing.com/search?q=denver+Truck+Accident+Attorney&mkt=en-US","https://www.brakelaw.com/services/auto-trucking-accidents/","35","Organic","website address","n/a","n/a","no"
"denver Truck Accident Attorney","yahoo","https://search.yahoo.com/search?p=denver+Truck+Accident+Attorney&n=100","","","","","","","no"
"denver Truck Accident Attorney","google-places","https://www.google.com/search?q=denver+Truck+Accident+Attorney&gl=us&gws_rd=cr&tbm=lcl&uule=w+CAIQIFISCS1Ur6YPh2yHEbIZ0EfPTNru&num=100","","","","","","","no"
"denver Truck Accident Attorney","google","https://www.google.com/search?q=denver+Truck+Accident+Attorney&gl=us&gws_rd=cr&uule=w+CAIQIFISCS1Ur6YPh2yHEbIZ0EfPTNru&num=100","","","","","","","no"
"denver Truck Accident Attorneys","bing","https://www.bing.com/search?q=denver+Truck+Accident+Attorneys&mkt=en-US","https://www.brakelaw.com/services/auto-trucking-accidents/","17","Organic","website address","n/a","37","no"
"denver Truck Accident Attorneys","google","https://www.google.com/search?q=denver+Truck+Accident+Attorneys&gl=us&gws_rd=cr&uule=w+CAIQIFISCS1Ur6YPh2yHEbIZ0EfPTNru&num=100","","","","","","","no"
"denver Truck Accident Attorneys","google-places","https://www.google.com/search?q=denver+Truck+Accident+Attorneys&gl=us&gws_rd=cr&tbm=lcl&uule=w+CAIQIFISCS1Ur6YPh2yHEbIZ0EfPTNru&num=100","","","","","","","no"
"denver Truck Accident Attorneys","yahoo","https://search.yahoo.com/search?p=denver+Truck+Accident+Attorneys&n=100","","","","","","","no"
"denver Truck Accident Lawyer","yahoo","https://search.yahoo.com/search?p=denver+Truck+Accident+Lawyer&n=100","https://www.brakelaw.com/services/auto-trucking-accidents/","35","Organic","website address","n/a","29","no"
"denver Truck Accident Lawyer","google","https://www.google.com/search?q=denver+Truck+Accident+Lawyer&gl=us&gws_rd=cr&uule=w+CAIQIFISCS1Ur6YPh2yHEbIZ0EfPTNru&num=100","","","","","","","no"
"denver Truck Accident Lawyer","google-places","https://www.google.com/search?q=denver+Truck+Accident+Lawyer&gl=us&gws_rd=cr&tbm=lcl&uule=w+CAIQIFISCS1Ur6YPh2yHEbIZ0EfPTNru&num=100","","","","","","","no"
"denver Truck Accident Lawyer","bing","https://www.bing.com/search?q=denver+Truck+Accident+Lawyer&mkt=en-US","https://www.brakelaw.com/services/auto-trucking-accidents/","33","Organic","website address","n/a","n/a","no"
"denver Truck Accident Lawyer","bing","https://www.bing.com/search?q=denver+Truck+Accident+Lawyer&mkt=en-US","https://www.brakelaw.com/services/auto-trucking-accidents/","20","Organic","website address","n/a","18","no"
"denver Truck Accident Lawyers","google-places","https://www.google.com/search?q=denver+Truck+Accident+Lawyers&gl=us&gws_rd=cr&tbm=lcl&uule=w+CAIQIFISCS1Ur6YPh2yHEbIZ0EfPTNru&num=100","","","","","","","no"
"denver Truck Accident Lawyers","google","https://www.google.com/search?q=denver+Truck+Accident+Lawyers&gl=us&gws_rd=cr&uule=w+CAIQIFISCS1Ur6YPh2yHEbIZ0EfPTNru&num=100","","","","","","","no"
"denver Truck Accident Lawyers","bing","https://www.bing.com/search?q=denver+Truck+Accident+Lawyers&mkt=en-US","","","","","","","no"
"denver Truck Accident Lawyers","yahoo","https://search.yahoo.com/search?p=denver+Truck+Accident+Lawyers&n=100","https://www.brakelaw.com","4","Local","website address","n/a","4","no"
"denver accident attorney","google-places","https://www.google.com/search?q=denver+accident+attorney&gl=us&gws_rd=cr&tbm=lcl&uule=w+CAIQIFISCS1Ur6YPh2yHEbIZ0EfPTNru&num=100","","","","","","","no"
"denver accident attorney","yahoo","https://search.yahoo.com/search?p=denver+accident+attorney&n=100","https://www.brakelaw.com","5","Local","website address","n/a","5","no"
"denver accident attorney","bing","https://www.bing.com/search?q=denver+accident+attorney&mkt=en-US","","","","","","","no"
"denver accident attorney","google","https://www.google.com/search?q=denver+accident+attorney&gl=us&gws_rd=cr&uule=w+CAIQIFISCS1Ur6YPh2yHEbIZ0EfPTNru&num=100","","","","","","","no"
"denver accident attorneys","google","https://www.google.com/search?q=denver+accident+attorneys&gl=us&gws_rd=cr&uule=w+CAIQIFISCS1Ur6YPh2yHEbIZ0EfPTNru&num=100","","","","","","","no"
"denver accident attorneys","google-places","https://www.google.com/search?q=denver+accident+attorneys&gl=us&gws_rd=cr&tbm=lcl&uule=w+CAIQIFISCS1Ur6YPh2yHEbIZ0EfPTNru&num=100","","","","","","","no"
"denver accident attorneys","bing","https://www.bing.com/search?q=denver+accident+attorneys&mkt=en-US","","","","","","","no"
"denver accident attorneys","yahoo","https://search.yahoo.com/search?p=denver+accident+attorneys&n=100","","","","","","","no"
"denver accident lawyer","google-places","https://www.google.com/search?q=denver+accident+lawyer&gl=us&gws_rd=cr&tbm=lcl&uule=w+CAIQIFISCS1Ur6YPh2yHEbIZ0EfPTNru&num=100","","","","","","","no"
"denver accident lawyer","yahoo","https://search.yahoo.com/search?p=denver+accident+lawyer&n=100","https://www.brakelaw.com","4","Local","website address","n/a","4","no"
"denver accident lawyer","yahoo","https://search.yahoo.com/search?p=denver+accident+lawyer&n=100","https://www.brakelaw.com/services/auto-trucking-accidents/","46","Organic","website address","n/a","n/a","no"
"denver accident lawyer","bing","https://www.bing.com/search?q=denver+accident+lawyer&mkt=en-US","","","","","","","no"
"denver accident lawyer","google","https://www.google.com/search?q=denver+accident+lawyer&gl=us&gws_rd=cr&uule=w+CAIQIFISCS1Ur6YPh2yHEbIZ0EfPTNru&num=100","","","","","","","no"
"denver accident lawyers","google","https://www.google.com/search?q=denver+accident+lawyers&gl=us&gws_rd=cr&uule=w+CAIQIFISCS1Ur6YPh2yHEbIZ0EfPTNru&num=100","","","","","","","no"
"denver accident lawyers","yahoo","https://search.yahoo.com/search?p=denver+accident+lawyers&n=100","","","","","","","no"
"denver accident lawyers","bing","https://www.bing.com/search?q=denver+accident+lawyers&mkt=en-US","","","","","","","no"
"denver accident lawyers","google-places","https://www.google.com/search?q=denver+accident+lawyers&gl=us&gws_rd=cr&tbm=lcl&uule=w+CAIQIFISCS1Ur6YPh2yHEbIZ0EfPTNru&num=100","","","","","","","no"
"denver injury attorney","google","https://www.google.com/search?q=denver+injury+attorney&gl=us&gws_rd=cr&uule=w+CAIQIFISCS1Ur6YPh2yHEbIZ0EfPTNru&num=100","","","","","","","no"
"denver injury attorney","google-places","https://www.google.com/search?q=denver+injury+attorney&gl=us&gws_rd=cr&tbm=lcl&uule=w+CAIQIFISCS1Ur6YPh2yHEbIZ0EfPTNru&num=100","http://www.brakelaw.com/","6","Places","cid","n/a","7","no"
"denver injury attorney","yahoo","https://search.yahoo.com/search?p=denver+injury+attorney&n=100","","","","","","","no"
"denver injury attorney","bing","https://www.bing.com/search?q=denver+injury+attorney&mkt=en-US","","","","","","","no"
"denver injury attorneys","yahoo","https://search.yahoo.com/search?p=denver+injury+attorneys&n=100","","","","","","","no"
"denver injury attorneys","google","https://www.google.com/search?q=denver+injury+attorneys&gl=us&gws_rd=cr&uule=w+CAIQIFISCS1Ur6YPh2yHEbIZ0EfPTNru&num=100","","","","","","","no"
"denver injury attorneys","bing","https://www.bing.com/search?q=denver+injury+attorneys&mkt=en-US","","","","","","","no"
"denver injury attorneys","google-places","https://www.google.com/search?q=denver+injury+attorneys&gl=us&gws_rd=cr&tbm=lcl&uule=w+CAIQIFISCS1Ur6YPh2yHEbIZ0EfPTNru&num=100","http://www.brakelaw.com/","5","Places","cid","n/a","5","no"
"denver injury lawyer","bing","https://www.bing.com/search?q=denver+injury+lawyer&mkt=en-US","","","","","","","no"
"denver injury lawyer","yahoo","https://search.yahoo.com/search?p=denver+injury+lawyer&n=100","","","","","","","no"
"denver injury lawyer","google-places","https://www.google.com/search?q=denver+injury+lawyer&gl=us&gws_rd=cr&tbm=lcl&uule=w+CAIQIFISCS1Ur6YPh2yHEbIZ0EfPTNru&num=100","http://www.brakelaw.com/","5","Places","cid","n/a","5","no"
"denver injury lawyer","google","https://www.google.com/search?q=denver+injury+lawyer&gl=us&gws_rd=cr&uule=w+CAIQIFISCS1Ur6YPh2yHEbIZ0EfPTNru&num=100","","","","","","","no"
"denver injury lawyers","google","https://www.google.com/search?q=denver+injury+lawyers&gl=us&gws_rd=cr&uule=w+CAIQIFISCS1Ur6YPh2yHEbIZ0EfPTNru&num=100","","","","","","","no"
"denver injury lawyers","yahoo","https://search.yahoo.com/search?p=denver+injury+lawyers&n=100","","","","","","","no"
"denver injury lawyers","bing","https://www.bing.com/search?q=denver+injury+lawyers&mkt=en-US","","","","","","","no"
"denver injury lawyers","google-places","https://www.google.com/search?q=denver+injury+lawyers&gl=us&gws_rd=cr&tbm=lcl&uule=w+CAIQIFISCS1Ur6YPh2yHEbIZ0EfPTNru&num=100","http://www.brakelaw.com/","5","Places","cid","n/a","7","no"
"injury attorney denver","bing","https://www.bing.com/search?q=injury+attorney+denver&mkt=en-US","","","","","","","no"
"injury attorney denver","google-places","https://www.google.com/search?q=injury+attorney+denver&gl=us&gws_rd=cr&tbm=lcl&uule=w+CAIQIFISCS1Ur6YPh2yHEbIZ0EfPTNru&num=100","http://www.brakelaw.com/","6","Places","cid","n/a","7","no"
"injury attorney denver","google","https://www.google.com/search?q=injury+attorney+denver&gl=us&gws_rd=cr&uule=w+CAIQIFISCS1Ur6YPh2yHEbIZ0EfPTNru&num=100","","","","","","","no"
"injury attorney denver","yahoo","https://search.yahoo.com/search?p=injury+attorney+denver&n=100","","","","","","","no"
"injury attorneys","google-places","https://www.google.com/search?q=injury+attorneys&gl=us&gws_rd=cr&tbm=lcl&uule=w+CAIQIFISCS1Ur6YPh2yHEbIZ0EfPTNru&num=100","http://www.brakelaw.com/","8","Places","cid","n/a","9","no"
"injury attorneys","google","https://www.google.com/search?q=injury+attorneys&gl=us&gws_rd=cr&uule=w+CAIQIFISCS1Ur6YPh2yHEbIZ0EfPTNru&num=100","","","","","","","no"
"injury attorneys","bing","https://www.bing.com/search?q=injury+attorneys&mkt=en-US","","","","","","","no"
"injury attorneys","yahoo","https://search.yahoo.com/search?p=injury+attorneys&n=100","","","","","","","no"
"injury attorneys denver","google","https://www.google.com/search?q=injury+attorneys+denver&gl=us&gws_rd=cr&uule=w+CAIQIFISCS1Ur6YPh2yHEbIZ0EfPTNru&num=100","","","","","","","no"
"injury attorneys denver","google-places","https://www.google.com/search?q=injury+attorneys+denver&gl=us&gws_rd=cr&tbm=lcl&uule=w+CAIQIFISCS1Ur6YPh2yHEbIZ0EfPTNru&num=100","http://www.brakelaw.com/","5","Places","cid","n/a","5","no"
"injury attorneys denver","yahoo","https://search.yahoo.com/search?p=injury+attorneys+denver&n=100","","","","","","","no"
"injury attorneys denver","bing","https://www.bing.com/search?q=injury+attorneys+denver&mkt=en-US","","","","","","","no"
"injury lawyer denver","google-places","https://www.google.com/search?q=injury+lawyer+denver&gl=us&gws_rd=cr&tbm=lcl&uule=w+CAIQIFISCS1Ur6YPh2yHEbIZ0EfPTNru&num=100","http://www.brakelaw.com/","5","Places","cid","n/a","5","no"
"injury lawyer denver","yahoo","https://search.yahoo.com/search?p=injury+lawyer+denver&n=100","","","","","","","no"
"injury lawyer denver","bing","https://www.bing.com/search?q=injury+lawyer+denver&mkt=en-US","","","","","","","no"
"injury lawyer denver","google","https://www.google.com/search?q=injury+lawyer+denver&gl=us&gws_rd=cr&uule=w+CAIQIFISCS1Ur6YPh2yHEbIZ0EfPTNru&num=100","","","","","","","no"
"injury lawyers","google-places","https://www.google.com/search?q=injury+lawyers&gl=us&gws_rd=cr&tbm=lcl&uule=w+CAIQIFISCS1Ur6YPh2yHEbIZ0EfPTNru&num=100","http://www.brakelaw.com/","12","Places","cid","n/a","14","no"
"injury lawyers","bing","https://www.bing.com/search?q=injury+lawyers&mkt=en-US","","","","","","","no"
"injury lawyers","yahoo","https://search.yahoo.com/search?p=injury+lawyers&n=100","","","","","","","no"
"injury lawyers","google","https://www.google.com/search?q=injury+lawyers&gl=us&gws_rd=cr&uule=w+CAIQIFISCS1Ur6YPh2yHEbIZ0EfPTNru&num=100","","","","","","","no"
"injury lawyers denver","bing","https://www.bing.com/search?q=injury+lawyers+denver&mkt=en-US","","","","","","","no"
"injury lawyers denver","yahoo","https://search.yahoo.com/search?p=injury+lawyers+denver&n=100","","","","","","","no"
"injury lawyers denver","google-places","https://www.google.com/search?q=injury+lawyers+denver&gl=us&gws_rd=cr&tbm=lcl&uule=w+CAIQIFISCS1Ur6YPh2yHEbIZ0EfPTNru&num=100","http://www.brakelaw.com/","5","Places","cid","n/a","5","no"
"injury lawyers denver","google","https://www.google.com/search?q=injury+lawyers+denver&gl=us&gws_rd=cr&uule=w+CAIQIFISCS1Ur6YPh2yHEbIZ0EfPTNru&num=100","","","","","","","no"
"truck accident lawyers","bing","https://www.bing.com/search?q=truck+accident+lawyers&mkt=en-US","","","","","","","no"
"truck accident lawyers","yahoo","https://search.yahoo.com/search?p=truck+accident+lawyers&n=100","","","","","","","no"
"truck accident lawyers","google-places","https://www.google.com/search?q=truck+accident+lawyers&gl=us&gws_rd=cr&tbm=lcl&uule=w+CAIQIFISCS1Ur6YPh2yHEbIZ0EfPTNru&num=100","https://www.brakelaw.com/contact-us/","13","Places","website address","n/a","14","no"
"truck accident lawyers","google","https://www.google.com/search?q=truck+accident+lawyers&gl=us&gws_rd=cr&uule=w+CAIQIFISCS1Ur6YPh2yHEbIZ0EfPTNru&num=100","","","","","","","no"
