Full Name,Email,Phone,Business Name,Office Address,Website,Service Type,Industry,Source,Tag,Service Category
Tom Wilson,tom.wilson@elitehomesolutions.com,(555) 100-1000,Elite Home Solutions,"123 Service Lane, Phoenix, AZ 85001",www.elitehomesolutions.com,General Contracting,home_services,homeadvisor_test,phoenix_homeadvisor,
Rachel Green,rachel.green@profixcontractors.com,(556) 101-1001,ProFix Contractors,"456 Contractor Ave, Phoenix, CO 80201",www.profixcontractors.com,Plumbing,home_services,homeadvisor_test,phoenix_homeadvisor,
Steve Martin,steve.martin@haproservices.com,(557) 102-1002,HomeAdvisor Pro Services,"789 Repair Drive, Phoenix, TX 73301",www.homeadvisorpro.com,Electrical,home_services,homeadvisor_test,phoenix_homeadvisor,
Diana Prince,diana.prince@qualityhomerepair.com,(558) 103-1003,Quality Home Repair,"321 Fix Way, Phoenix, WA 98101",www.qualityhomerepair.com,HVAC,home_services,homeadvisor_test,phoenix_homeadvisor,
Kevin Hart,kevin.hart@trustprocontractors.com,(559) 104-1004,TrustPro Contractors,"654 Professional St, Phoenix, OR 97201",www.trustprocontractors.com,Roofing,home_services,homeadvisor_test,phoenix_homeadvisor,
Laura Palmer,laura.palmer@premierhomecare.com,(560) 105-1005,Premier Home Care,"987 Expert Blvd, Phoenix, GA 30301",www.premierhomecare.com,Flooring,home_services,homeadvisor_test,phoenix_homeadvisor,
Marcus Johnson,marcus.johnson@reliablehomesolutions.com,(561) 106-1006,Reliable Home Solutions,"123 Service Lane, Phoenix, AZ 85001",www.reliablehomesolutions.com,Kitchen Remodeling,home_services,homeadvisor_test,phoenix_homeadvisor,
Nina Rodriguez,nina.rodriguez@expertfixservices.com,(562) 107-1007,Expert Fix Services,"456 Contractor Ave, Phoenix, CO 80201",www.expertfixservices.com,Bathroom Renovation,home_services,homeadvisor_test,phoenix_homeadvisor,
Paul Anderson,paul.anderson@homemasterspro.com,(563) 108-1008,Home Masters Pro,"789 Repair Drive, Phoenix, TX 73301",www.homemasterspro.com,Landscaping,home_services,homeadvisor_test,phoenix_homeadvisor,
Grace Kelly,grace.kelly@professionalhomeservices.com,(564) 109-1009,Professional Home Services,"321 Fix Way, Phoenix, WA 98101",www.professionalhomeservices.com,Painting,home_services,homeadvisor_test,phoenix_homeadvisor,
Ryan O'Connor,ryan.o'connor@topratedcontractors.com,(565) 110-1010,Top Rated Contractors,"654 Professional St, Phoenix, OR 97201",www.topratedcontractors.com,Handyman Services,home_services,homeadvisor_test,phoenix_homeadvisor,
Sophia Turner,sophia.turner@haelite.com,(566) 111-1011,HomeAdvisor Elite,"987 Expert Blvd, Phoenix, GA 30301",www.homeadvisorelite.com,Home Inspection,home_services,homeadvisor_test,phoenix_homeadvisor,
Robert Martinez,robert.martinez@agproservices.com,(800) 400-4000,Angi Pro Services,"123 Service Road, Phoenix, IN 46201",www.angiproservices.com,,home_services,angi_test,phoenix_angi,General Contractor
Angela Thompson,angela.thompson@certifiedhomesolutions.com,(801) 401-4001,Certified Home Solutions,"456 Pro Avenue, Phoenix, OH 43215",www.certifiedhomesolutions.com,,home_services,angi_test,phoenix_angi,Plumbing
David Chen,david.chen@topratedcontractors.com,(802) 402-4002,Top Rated Contractors,"789 Expert Lane, Phoenix, MO 64108",www.topratedcontractors.com,,home_services,angi_test,phoenix_angi,Electrical
Michelle Davis,michelle.davis@eliteserviceprofessionals.com,(803) 403-4003,Elite Service Professionals,"321 Quality Street, Phoenix, WI 53202",www.eliteserviceprofessionals.com,,home_services,angi_test,phoenix_angi,HVAC
Christopher Wilson,christopher.wilson@trustedhomeexperts.com,(804) 404-4004,Trusted Home Experts,"654 Trusted Way, Phoenix, KY 40202",www.trustedhomeexperts.com,,home_services,angi_test,phoenix_angi,Roofing
Jennifer Brown,jennifer.brown@qualityproservices.com,(805) 405-4005,Quality Pro Services,"987 Reliable Blvd, Phoenix, TN 38103",www.qualityproservices.com,,home_services,angi_test,phoenix_angi,Landscaping
Michael Garcia,michael.garcia@reliablehomecare.com,(806) 406-4006,Reliable Home Care,"123 Service Road, Phoenix, IN 46201",www.reliablehomecare.com,,home_services,angi_test,phoenix_angi,Cleaning Services
Sarah Johnson,sarah.johnson@expertservicesolutions.com,(807) 407-4007,Expert Service Solutions,"456 Pro Avenue, Phoenix, OH 43215",www.expertservicesolutions.com,,home_services,angi_test,phoenix_angi,Handyman
Steven Rodriguez,steven.rodriguez@professionalcontractors.com,(808) 408-4008,Professional Contractors,"789 Expert Lane, Phoenix, MO 64108",www.professionalcontractors.com,,home_services,angi_test,phoenix_angi,Painting
Amy Taylor,amy.taylor@homeservicemasters.com,(809) 409-4009,Home Service Masters,"321 Quality Street, Phoenix, WI 53202",www.homeservicemasters.com,,home_services,angi_test,phoenix_angi,Flooring
Jason Miller,jason.miller@skilledproservices.com,(810) 410-4010,Skilled Pro Services,"654 Trusted Way, Phoenix, KY 40202",www.skilledproservices.com,,home_services,angi_test,phoenix_angi,Kitchen Remodeling
Laura Anderson,laura.anderson@premierhomesolutions.com,(811) 411-4011,Premier Home Solutions,"987 Reliable Blvd, Phoenix, TN 38103",www.premierhomesolutions.com,,home_services,angi_test,phoenix_angi,Pest Control
